River,Year,Total_Returns,AgeClass_0.1,AgeClass_0.2,AgeClass_0.3,AgeClass_0.4,AgeClass_0.5,AgeClass_1.1,AgeClass_1.3,AgeClass_1.4,AgeClass_1.5,AgeClass_2.1,AgeClass_2.2,AgeClass_2.3,AgeClass_2.4,AgeClass_3.1,AgeClass_3.2,AgeClass_3.3,AgeClass_3.4,Total_Returns_NextYear,npi_mean_NovMar,oni_mean_DecFeb,mei_mean_AprSep,npgo_mean_DecFeb,ao_mean_DecMar,pdo_mean_DecMar,pdo_mean_MaySep
Chilko,1951,32000.0,0.0,0.0,0.0,0.0,0.0,32000.0,0.0,0.0,0.0,0.0,0.0,0.0,0.0,0.0,0.0,0.0,0.0,1652925.0,,,,,,,
Chilko,1952,1652925.0,0.0,0.0,0.0,0.0,0.0,3732.0,0.0,0.0,0.0,6131.0,0.0,0.0,0.0,0.0,0.0,0.0,0.0,828243.0,,,,,,,
Chilko,1953,828243.0,0.0,0.0,0.0,0.0,0.0,1489.0,11182.0,0.0,0.0,621.0,254316.0,0.0,0.0,0.0,0.0,0.0,0.0,246165.0,,,,,,,
Chilko,1954,246165.0,0.0,0.0,0.0,0.0,0.0,3925.0,10368.0,0.0,0.0,954.0,46358.0,1282.0,0.0,0.0,0.0,0.0,0.0,690225.0,,,,,,,
Chilko,1955,690225.0,0.0,0.0,0.0,0.0,0.0,18732.0,4705.0,0.0,0.0,5004.0,15449.0,1424.0,0.0,0.0,0.0,0.0,0.0,1860093.0,,,,,,,
Chilko,1956,1860093.0,0.0,0.0,0.0,0.0,0.0,1172.0,20763.0,0.0,0.0,114.0,74115.0,0.0,0.0,0.0,0.0,0.0,0.0,607788.0,,,,,,,
Chilko,1957,607788.0,0.0,0.0,0.0,0.0,0.0,12234.0,35975.0,0.0,0.0,2583.0,38833.0,3609.0,0.0,0.0,0.0,0.0,0.0,768653.0,,,,,,,
Chilko,1958,768653.0,0.0,0.0,0.0,0.0,0.0,32418.0,14004.0,0.0,0.0,2844.0,86362.0,893.0,0.0,0.0,0.0,0.0,0.0,1487328.0,,,,,,,
Chilko,1959,1487328.0,0.0,0.0,0.0,0.0,0.0,13905.0,4415.0,0.0,0.0,1373.0,58891.0,781.0,0.0,0.0,0.0,0.0,0.0,2453759.0,,,,,,,
Chilko,1960,2453759.0,0.0,0.0,0.0,0.0,0.0,76.0,31011.0,0.0,0.0,75.0,40510.0,2233.0,0.0,0.0,0.0,0.0,0.0,163316.0,1009.262,26.30333333333333,,0.7525811166666667,-1.59075,0.525,-0.028
Chilko,1961,163316.0,0.0,0.0,0.0,0.0,0.0,4055.0,16684.0,0.0,0.0,63.0,25152.0,0.0,0.0,0.0,0.0,0.0,0.0,324550.0,1006.868,26.383333333333333,,1.1995759,-0.22175,0.6125,-0.936
Chilko,1962,324550.0,0.0,0.0,0.0,0.0,0.0,23792.0,3149.0,0.0,0.0,1711.0,17578.0,0.0,0.0,0.0,0.0,0.0,0.0,2231435.0,1010.684,26.12333333333333,,0.1407852133333333,-0.8072499999999999,-1.165,-1.394
Chilko,1963,2231435.0,0.0,0.0,0.0,0.0,0.0,5472.0,13613.0,0.0,0.0,1272.0,130581.0,0.0,0.0,0.0,0.0,0.0,0.0,1072291.0,1007.466,26.00333333333333,,-0.2092234233333333,-1.25475,-0.06,-0.58
Chilko,1964,1072291.0,0.0,0.0,0.0,0.0,0.0,256.0,18659.0,0.0,0.0,1045.0,88363.0,5091.0,0.0,0.0,0.0,0.0,0.0,151720.0,1009.076,27.33,,0.6354695033333334,-0.4815,0.0725,-1.456
Chilko,1965,151720.0,0.0,0.0,0.0,0.0,0.0,10657.0,5980.0,0.0,0.0,409.0,81961.0,0.0,0.0,0.0,0.0,0.0,0.0,1014263.0,1009.884,25.78,,-0.7087546033333333,-1.07025,-0.5875,-0.202
Chilko,1966,1014263.0,0.0,0.0,0.0,0.0,0.0,37579.0,11583.0,0.0,0.0,0.0,4492.0,0.0,0.0,0.0,0.0,0.0,0.0,1138362.0,1011.274,27.813333333333333,,-0.8769983533333334,-1.3545,-0.4625,-0.258
Chilko,1967,1138362.0,0.0,0.0,0.0,0.0,0.0,7252.0,13582.0,0.0,0.0,3971.0,696.0,0.0,0.0,0.0,0.0,0.0,0.0,1873120.0,1010.958,26.07333333333333,,-0.6303692166666667,0.2925,-0.375,-1.22
Chilko,1968,1873120.0,0.0,0.0,0.0,0.0,0.0,1787.0,4045.0,0.0,0.0,1343.0,47006.0,18.0,0.0,0.0,0.0,0.0,0.0,380200.0,1009.018,25.863333333333333,,-0.5417895966666667,-0.2922499999999999,-0.36,0.0079999999999999
Chilko,1969,380200.0,0.0,0.0,0.0,0.0,0.0,26456.0,55810.0,0.0,0.0,1782.0,156756.0,841.0,0.0,0.0,0.0,0.0,0.0,791502.0,1010.83,27.53,,-1.3884037466666663,-2.1115,-0.8574999999999999,-0.516
Chilko,1970,791502.0,0.0,0.0,0.0,0.0,0.0,28734.0,2360.0,0.0,0.0,1479.0,14460.0,0.0,0.0,0.0,0.0,0.0,0.0,2102377.0,1005.734,26.96333333333333,,0.2047551033333333,-1.91925,1.1,-1.08
Chilko,1971,2102377.0,0.0,0.0,0.0,0.0,0.0,46952.0,27636.0,0.0,0.0,5300.0,89160.0,0.0,0.0,0.0,0.0,0.0,0.0,2391956.0,1011.482,25.21333333333333,,-0.0711822576666666,-0.64375,-1.3125,-1.27
Chilko,1972,2391956.0,0.0,0.0,0.0,0.0,0.0,4126.0,23351.0,0.0,0.0,1108.0,13996.0,0.0,0.0,0.0,0.0,0.0,0.0,464529.0,1011.836,25.88,,-0.322304651,0.1634999999999999,-1.8425,-1.158
Chilko,1973,464529.0,0.0,0.0,0.0,0.0,0.0,16775.0,21925.0,0.0,0.0,294.0,55581.0,0.0,0.0,0.0,0.0,0.0,0.0,723368.0,1009.514,28.27,,-0.4380004316666667,0.94825,-0.4875,-1.408
Chilko,1974,723368.0,0.0,0.0,0.0,0.0,0.0,58786.0,15839.0,0.0,0.0,5423.0,12146.0,1128.0,0.0,0.0,0.0,0.0,0.0,838396.0,1009.06,24.72,,-0.3501739266666667,-0.296,-1.085,-0.126
Chilko,1975,838396.0,0.0,0.0,0.0,0.0,0.0,42709.0,1084.0,0.0,0.0,13222.0,41128.0,0.0,0.0,0.0,0.0,0.0,0.0,1998190.0,1010.026,25.95,,0.7798425266666666,0.624,-0.595,-1.538
Chilko,1976,1998190.0,0.0,0.0,0.0,0.0,0.0,8835.0,0.0,0.0,0.0,1309.0,40581.0,0.0,0.0,0.0,0.0,0.0,0.0,348080.0,1010.094,25.05,,1.1134298666666669,0.8917499999999999,-1.2225,-0.132
Chilko,1977,348080.0,0.0,0.0,0.0,0.0,0.0,26487.0,34424.0,0.0,0.0,2893.0,83501.0,0.0,0.0,0.0,0.0,0.0,0.0,702349.0,1005.954,27.25333333333333,,1.5284769666666669,-1.87675,1.1425,-0.246
Chilko,1978,702349.0,0.0,0.0,0.0,0.0,0.0,22821.0,6807.0,0.0,0.0,3815.0,27243.0,166.0,0.0,0.0,0.0,0.0,0.0,1460107.0,1006.492,27.15,,1.1045353533333333,-0.7747499999999999,0.6074999999999999,-0.442
Chilko,1979,1460107.0,0.0,0.0,0.0,0.0,0.0,8457.0,4312.0,0.0,0.0,20230.0,36356.0,1744.0,0.0,0.0,0.0,0.0,0.0,1735811.0,1010.552,26.56,0.185,-0.62114414,-1.181,-0.7150000000000001,0.4039999999999999
Chilko,1980,1735811.0,0.0,0.0,0.0,0.0,0.0,3346.0,7375.0,0.0,0.0,334.0,73812.0,0.0,0.0,0.0,0.0,0.0,0.0,238911.0,1007.686,27.08333333333333,0.355,-1.3888758966666668,-0.7845,0.3299999999999999,-0.0679999999999999
Chilko,1981,238911.0,0.0,0.0,0.0,0.0,0.0,8616.0,25168.0,0.0,0.0,0.0,14210.0,390.0,0.0,0.0,0.0,0.0,0.0,1184116.0,1004.438,26.37333333333333,-0.255,-0.53494929,-0.5375,0.985,0.862
Chilko,1982,1184116.0,0.0,0.0,0.0,0.0,0.0,9358.0,2743.0,0.0,0.0,397.0,2584.0,0.0,0.0,0.0,0.0,0.0,0.0,1716873.0,1010.602,26.64,0.8983333333333333,-0.1840691733333333,-0.0127499999999999,0.0349999999999999,-0.33
Chilko,1983,1716873.0,0.0,0.0,0.0,0.0,0.0,12504.0,77743.0,0.0,0.0,1371.0,9789.0,0.0,0.0,0.0,0.0,0.0,0.0,4010144.0,1003.46,28.766666666666666,1.2616666666666667,0.2813847666666667,-0.01175,0.815,1.406
Chilko,1984,4010144.0,0.0,0.0,0.0,0.0,0.0,1722.0,72206.0,0.0,0.0,414.0,15308.0,0.0,0.0,0.0,0.0,0.0,0.0,749943.0,1006.28,26.013333333333332,-0.2866666666666667,-0.1640481899999999,-0.3995,1.4825,0.116
Chilko,1985,749943.0,0.0,0.0,0.0,0.0,0.0,52424.0,473961.0,0.0,0.0,2919.0,32179.0,7804.0,0.0,0.0,0.0,0.0,0.0,1427395.0,1010.006,25.64333333333333,-0.635,0.170517743,-0.81225,0.3725,0.002
Chilko,1986,1427395.0,0.0,0.0,0.0,0.0,0.0,45476.0,4547.0,0.0,0.0,182.0,18862.0,2375.0,0.0,0.0,0.0,0.0,0.0,1922927.0,1004.794,26.156666666666663,0.315,-1.2994893666666667,-0.87225,1.13,0.46
Chilko,1987,1922927.0,0.0,0.0,0.0,0.0,0.0,11108.0,131741.0,0.0,0.0,5243.0,57505.0,0.0,0.0,0.0,0.0,0.0,0.0,852340.0,1005.968,27.80333333333333,1.7283333333333333,0.3326573833333333,-1.07675,1.4975,1.086
Chilko,1988,852340.0,0.0,0.0,0.0,0.0,0.0,970.0,36418.0,0.0,0.0,1951.0,310875.0,1412.0,0.0,0.0,0.0,0.0,0.0,576617.0,1008.134,27.406666666666663,-1.16,0.8647857866666667,-0.383,0.5325,-0.286
Chilko,1989,576617.0,0.0,0.0,0.0,0.0,0.0,47835.0,2890.0,0.0,0.0,1563.0,153893.0,4399.0,0.0,0.0,0.0,0.0,0.0,4634167.0,1011.742,24.93,-0.8966666666666667,0.90987403,2.3985,-1.0175,-0.0859999999999999
Chilko,1990,4634167.0,0.0,0.0,0.0,0.0,0.0,11552.0,184400.0,0.0,0.0,335.0,18862.0,5802.0,0.0,0.0,0.0,0.0,0.0,4371072.0,1010.906,26.686666666666667,0.1116666666666666,-0.0613260966666666,1.68725,-0.76,-0.314
Chilko,1991,4371072.0,0.0,0.0,0.0,0.0,0.0,2697.0,279555.0,0.0,0.0,863.0,54465.0,1136.0,0.0,0.0,0.0,0.0,0.0,3370308.0,1011.244,27.036666666666665,0.5566666666666666,-0.86051957,0.1492499999999999,-1.5550000000000002,-1.136
Chilko,1992,3370308.0,0.0,0.0,0.0,0.0,0.0,11841.0,316979.0,0.0,0.0,797.0,56111.0,5033.0,0.0,0.0,0.0,0.0,0.0,3344580.0,1006.456,28.363333333333333,1.0266666666666666,-0.05881037,1.06725,0.04,1.056
Chilko,1993,3344580.0,0.0,0.0,0.0,0.0,0.0,13262.0,157913.0,0.0,0.0,0.0,155406.0,2975.0,0.0,0.0,0.0,0.0,0.0,2512232.0,1008.754,26.82333333333333,1.0116666666666667,-2.2754968,1.5175,0.0775,1.686
Chilko,1994,2512232.0,0.0,0.0,0.0,0.0,0.0,4495.0,86942.0,0.0,0.0,4715.0,3564.0,0.0,0.0,0.0,0.0,0.0,0.0,1329086.0,1010.356,26.8,0.5266666666666667,-1.9444107,0.15675,0.53,-0.53
Chilko,1995,1329086.0,0.0,0.0,0.0,0.0,0.0,3754.0,178745.0,0.0,0.0,537.0,19347.0,0.0,0.0,0.0,0.0,0.0,0.0,2043114.0,1008.562,27.66333333333333,-0.2749999999999999,-1.02555351,0.6405000000000001,-0.65,0.806
Chilko,1996,2043114.0,0.0,0.0,0.0,0.0,0.0,18173.0,128342.0,0.0,0.0,614.0,122472.0,0.0,0.0,0.0,0.0,0.0,0.0,3480174.0,1007.772,25.84,-0.7166666666666667,-0.49204,-1.16175,0.8275,0.642
Chilko,1997,3480174.0,0.0,0.0,0.0,0.0,0.0,10606.0,78754.0,0.0,0.0,208.0,9714.0,0.0,0.0,0.0,0.0,0.0,0.0,1899495.0,1008.67,26.23333333333333,1.653333333333333,-1.3694127,0.2004999999999999,0.2725,1.94
Chilko,1998,1899495.0,0.0,0.0,0.0,0.0,0.0,2778.0,548667.0,0.0,0.0,184.0,15931.0,0.0,0.0,0.0,0.0,0.0,0.0,1122964.0,1005.478,28.87333333333333,0.1016666666666666,0.8962181933333333,-0.64725,1.2125,-1.068
Chilko,1999,1122964.0,0.0,0.0,0.0,0.0,0.0,359.0,72717.0,0.0,0.0,36.0,4545.0,0.0,0.0,0.0,0.0,0.0,0.0,1399857.0,1009.446,25.21333333333333,-1.1866666666666663,1.38527183,0.1132499999999999,-1.0275,-2.122
Chilko,2000,1399857.0,0.0,0.0,0.0,0.0,0.0,222.0,179013.0,0.0,0.0,0.0,44788.0,0.0,0.0,0.0,0.0,0.0,0.0,853263.0,1008.446,25.11,-0.675,1.5269583,0.7345,-1.515,-1.218
Chilko,2001,853263.0,0.0,0.0,0.0,0.0,0.0,1084.0,159331.0,0.0,0.0,0.0,26555.0,2414.0,0.0,0.0,0.0,0.0,0.0,648667.0,1007.084,25.98333333333333,-0.2383333333333333,2.660991533333333,-1.4055,0.015,-1.642
Chilko,2002,648667.0,0.0,0.0,0.0,0.0,0.0,2228.0,204615.0,0.0,0.0,0.0,16297.0,1811.0,0.0,0.0,0.0,0.0,0.0,1562429.0,1009.196,26.52,0.3616666666666667,2.0203324,0.56625,-1.08,-0.658
Chilko,2003,1562429.0,0.0,0.0,0.0,0.0,0.0,3918.0,73801.0,0.0,0.0,0.0,34730.0,0.0,0.0,0.0,0.0,0.0,0.0,546611.0,1005.066,27.56,-0.0966666666666666,1.86609866,-0.25075,1.315,0.124
Chilko,2004,546611.0,0.0,0.0,0.0,0.0,0.0,176.0,109275.0,0.0,0.0,59.0,9106.0,3035.0,0.0,0.0,0.0,0.0,0.0,1075508.0,1008.564,27.0,0.1233333333333333,0.38554044,-0.65775,-0.3775,0.16
Chilko,2005,1075508.0,0.0,0.0,0.0,0.0,0.0,4514.0,27152.0,0.0,0.0,0.0,42236.0,0.0,0.0,0.0,0.0,0.0,0.0,1280343.0,1008.15,27.293333333333333,0.0866666666666666,-1.5064687166666668,-0.25825,-0.025,0.182
Chilko,2006,1280343.0,0.0,0.0,0.0,0.0,0.0,557.0,89122.0,0.0,0.0,0.0,67732.0,3565.0,0.0,0.0,0.0,0.0,0.0,437555.0,1010.108,25.90333333333333,0.0016666666666666,-1.04372476,-1.0085,0.02,-0.432
Chilko,2007,437555.0,0.0,0.0,0.0,0.0,0.0,854.0,106118.0,0.0,0.0,0.0,8734.0,0.0,0.0,0.0,0.0,0.0,0.0,449941.0,1009.826,27.316666666666663,-0.7116666666666667,-0.1777491063333333,1.04775,-0.73,-0.162
Chilko,2008,449941.0,0.0,0.0,0.0,0.0,0.0,720.0,29357.0,0.0,0.0,0.0,30465.0,554.0,0.0,0.0,0.0,0.0,0.0,308867.0,1009.304,25.12333333333333,-0.9516666666666668,0.8532889033333333,0.7909999999999999,-1.2725,-1.83
Chilko,2009,308867.0,0.0,0.0,0.0,0.0,0.0,5283.0,35584.0,0.0,0.0,216.0,2432.0,2432.0,0.0,0.0,0.0,0.0,0.0,4540036.0,1013.466,25.916666666666664,-0.0066666666666666,0.66514552,0.22425,-1.74,-0.584
Chilko,2010,4540036.0,0.0,0.0,0.0,0.0,0.0,2996.0,27406.0,0.0,0.0,369.0,46387.0,0.0,0.0,0.0,0.0,0.0,0.0,1692466.0,1006.49,28.136666666666667,-1.3316666666666666,1.6738658666666666,-2.6745,-0.0925,-1.524
Chilko,2011,1692466.0,0.0,0.0,0.0,0.0,0.0,2364.0,405912.0,0.0,0.0,537.0,119441.0,0.0,0.0,0.0,0.0,0.0,0.0,551255.0,1011.132,25.306666666666665,-1.096666666666667,0.3997249266666667,-0.32875,-1.645,-1.782
Chilko,2012,551255.0,0.0,0.0,0.0,0.0,0.0,1271.0,20850.0,0.0,0.0,0.0,32863.0,0.0,0.0,0.0,0.0,0.0,0.0,1747708.0,1010.324,25.83333333333333,-0.1583333333333333,0.471165961,0.7505000000000001,-1.815,-2.348
Chilko,2013,1747708.0,0.0,0.0,0.0,0.0,0.0,44119.0,59565.0,0.0,0.0,0.0,15361.0,0.0,0.0,0.0,0.0,0.0,0.0,2863174.0,1010.312,26.35333333333333,-0.6233333333333333,1.1171110666666666,-1.63775,-1.3275,-1.098
Chilko,2014,2863174.0,0.0,0.0,0.0,0.0,0.0,3493.0,221342.0,0.0,0.0,1164.0,0.0,0.0,0.0,0.0,0.0,0.0,0.0,1001669.0,1009.804,26.326666666666668,0.0383333333333333,-0.7239368633333333,0.439,-0.4325,0.468
Chilko,2015,1001669.0,0.0,0.0,0.0,0.0,0.0,2479.0,111174.0,0.0,0.0,0.0,6829.0,2699.0,0.0,0.0,0.0,0.0,0.0,287625.0,1007.862,27.27,1.5233333333333334,-0.7725732833333334,1.09625,1.5550000000000002,0.8999999999999999
Chilko,2016,287625.0,0.0,0.0,0.0,0.0,0.0,905.0,87631.0,629.0,0.0,0.0,2504.0,0.0,0.0,0.0,0.0,0.0,0.0,463257.0,1006.588,29.130000000000003,0.3066666666666666,0.0258715233333333,0.0627499999999999,0.9725,0.322
Chilko,2017,463257.0,0.0,0.0,0.0,0.0,0.0,2932.0,34088.0,0.0,0.0,0.0,0.0,0.0,0.0,0.0,0.0,0.0,0.0,1608774.0,1010.256,26.356666666666666,-0.39,-0.81415251,1.10825,0.1575,-0.1
Chilko,2018,1608774.0,0.0,0.0,0.0,0.0,0.0,1480.0,51474.0,0.0,0.0,0.0,0.0,0.0,0.0,0.0,0.0,0.0,0.0,251448.0,1012.978,25.793333333333333,-0.2916666666666667,-2.1559666666666666,-0.292,-0.1149999999999999,-0.342
Chilko,2019,251448.0,0.0,0.0,0.0,0.0,0.0,157.0,84808.0,0.0,0.0,104.0,1422.0,0.0,0.0,0.0,0.0,0.0,0.0,77511.0,1009.398,27.47,0.2766666666666666,-1.5390468766666667,0.6655000000000001,-0.4175,0.166
Chilko,2020,77511.0,0.0,0.0,0.0,0.0,0.0,1149.0,48227.0,0.0,0.0,0.0,1112.0,154.0,0.0,0.0,0.0,0.0,0.0,1139557.0,1011.762,27.22,-0.6849999999999999,-2.1876051333333333,2.22225,-1.16,-0.914
Chilko,2021,1139557.0,0.0,0.0,0.0,0.0,0.0,19531.0,8291.0,0.0,0.0,254.0,4608.0,0.0,0.0,0.0,0.0,0.0,0.0,1607251.0,1010.636,25.65333333333333,-1.1966666666666668,-1.0642314366666668,-0.8255,-1.09,-1.754
Chilko,2022,1607251.0,0.0,0.0,0.0,0.0,0.0,83.0,40082.0,0.0,0.0,0.0,0.0,0.0,0.0,0.0,0.0,0.0,0.0,576000.0,1010.524,25.746666666666663,-1.7983333333333331,-1.8655508666666665,0.72375,-2.1725,-2.174
Chilko,2023,576000.0,0.0,0.0,0.0,0.0,0.0,0.0,96320.0,0.0,0.0,0.0,32680.0,0.0,0.0,0.0,0.0,0.0,0.0,115197.0,1011.92,26.063333333333333,0.2816666666666667,-1.9729653666666669,-0.37825,-1.8875,-2.586
Late Stuart,1951,0.0,0.0,0.0,0.0,0.0,0.0,0.0,0.0,0.0,0.0,0.0,0.0,0.0,0.0,0.0,0.0,0.0,0.0,3760.0,,,,,,,
Late Stuart,1952,3760.0,0.0,0.0,0.0,0.0,0.0,3433.0,0.0,0.0,0.0,0.0,0.0,0.0,0.0,0.0,0.0,0.0,0.0,1527145.0,,,,,,,
Late Stuart,1953,1527145.0,0.0,0.0,0.0,0.0,0.0,591.0,0.0,0.0,0.0,0.0,0.0,0.0,0.0,0.0,0.0,0.0,0.0,36886.0,,,,,,,
Late Stuart,1954,36886.0,0.0,0.0,0.0,0.0,0.0,0.0,0.0,0.0,0.0,0.0,215.0,0.0,0.0,0.0,0.0,0.0,0.0,58590.0,,,,,,,
Late Stuart,1955,58590.0,0.0,0.0,0.0,0.0,0.0,86.0,2419.0,0.0,0.0,0.0,0.0,0.0,0.0,0.0,0.0,0.0,0.0,12413.0,,,,,,,
Late Stuart,1956,12413.0,0.0,0.0,0.0,0.0,0.0,830.0,7559.0,0.0,0.0,0.0,166.0,0.0,0.0,0.0,0.0,0.0,0.0,1548251.0,,,,,,,
Late Stuart,1957,1548251.0,0.0,0.0,0.0,0.0,0.0,150.0,29.0,0.0,0.0,0.0,0.0,0.0,0.0,0.0,0.0,0.0,0.0,138477.0,,,,,,,
Late Stuart,1958,138477.0,0.0,0.0,0.0,0.0,0.0,29.0,1470.0,0.0,0.0,0.0,1867.0,0.0,0.0,0.0,0.0,0.0,0.0,52900.0,,,,,,,
Late Stuart,1959,52900.0,0.0,0.0,0.0,0.0,0.0,0.0,2704.0,0.0,0.0,0.0,0.0,0.0,0.0,0.0,0.0,0.0,0.0,15466.0,,,,,,,
Late Stuart,1960,15466.0,0.0,0.0,0.0,0.0,0.0,874.0,1120.0,0.0,0.0,0.0,0.0,0.0,0.0,0.0,0.0,0.0,0.0,1360396.0,1009.262,26.30333333333333,,0.7525811166666667,-1.59075,0.525,-0.028
Late Stuart,1961,1360396.0,0.0,0.0,0.0,0.0,0.0,672.0,32630.0,0.0,0.0,0.0,0.0,0.0,0.0,0.0,0.0,0.0,0.0,55027.0,1006.868,26.383333333333333,,1.1995759,-0.22175,0.6125,-0.936
Late Stuart,1962,55027.0,0.0,0.0,0.0,0.0,0.0,67.0,1916.0,0.0,0.0,0.0,0.0,0.0,0.0,0.0,0.0,0.0,0.0,7080.0,1010.684,26.12333333333333,,0.1407852133333333,-0.8072499999999999,-1.165,-1.394
Late Stuart,1963,7080.0,0.0,0.0,0.0,0.0,0.0,27.0,961.0,0.0,0.0,0.0,0.0,0.0,0.0,0.0,0.0,0.0,0.0,8034.0,1007.466,26.00333333333333,,-0.2092234233333333,-1.25475,-0.06,-0.58
Late Stuart,1964,8034.0,0.0,0.0,0.0,0.0,0.0,143.0,1233.0,0.0,0.0,0.0,0.0,0.0,0.0,0.0,0.0,0.0,0.0,773362.0,1009.076,27.33,,0.6354695033333334,-0.4815,0.0725,-1.456
Late Stuart,1965,773362.0,0.0,0.0,0.0,0.0,0.0,45.0,2932.0,0.0,0.0,0.0,0.0,0.0,0.0,0.0,0.0,0.0,0.0,51082.0,1009.884,25.78,,-0.7087546033333333,-1.07025,-0.5875,-0.202
Late Stuart,1966,51082.0,0.0,0.0,0.0,0.0,0.0,25.0,7535.0,0.0,0.0,0.0,415.0,0.0,0.0,0.0,0.0,0.0,0.0,13888.0,1011.274,27.813333333333333,,-0.8769983533333334,-1.3545,-0.4625,-0.258
Late Stuart,1967,13888.0,0.0,0.0,0.0,0.0,0.0,60.0,1917.0,0.0,0.0,0.0,0.0,0.0,0.0,0.0,0.0,0.0,0.0,2147.0,1010.958,26.07333333333333,,-0.6303692166666667,0.2925,-0.375,-1.22
Late Stuart,1968,2147.0,0.0,0.0,0.0,0.0,0.0,228.0,113.0,0.0,0.0,0.0,0.0,0.0,0.0,0.0,0.0,0.0,0.0,1103957.0,1009.018,25.863333333333333,,-0.5417895966666667,-0.2922499999999999,-0.36,0.0079999999999999
Late Stuart,1969,1103957.0,0.0,0.0,0.0,0.0,0.0,274.0,1235.0,0.0,0.0,0.0,0.0,0.0,0.0,0.0,0.0,0.0,0.0,94021.0,1010.83,27.53,,-1.3884037466666663,-2.1115,-0.8574999999999999,-0.516
Late Stuart,1970,94021.0,0.0,0.0,0.0,0.0,0.0,224.0,21752.0,0.0,0.0,0.0,91.0,0.0,0.0,0.0,0.0,0.0,0.0,8145.0,1005.734,26.96333333333333,,0.2047551033333333,-1.91925,1.1,-1.08
Late Stuart,1971,8145.0,0.0,0.0,0.0,0.0,0.0,0.0,1851.0,0.0,0.0,0.0,0.0,0.0,0.0,0.0,0.0,0.0,0.0,40187.0,1011.482,25.21333333333333,,-0.0711822576666666,-0.64375,-1.3125,-1.27
Late Stuart,1972,40187.0,0.0,0.0,0.0,0.0,0.0,2756.0,10038.0,0.0,0.0,0.0,0.0,0.0,0.0,0.0,0.0,0.0,0.0,1607170.0,1011.836,25.88,,-0.322304651,0.1634999999999999,-1.8425,-1.158
Late Stuart,1973,1607170.0,0.0,0.0,0.0,0.0,0.0,318.0,3906.0,0.0,0.0,54.0,0.0,0.0,0.0,0.0,0.0,0.0,0.0,91651.0,1009.514,28.27,,-0.4380004316666667,0.94825,-0.4875,-1.408
Late Stuart,1974,91651.0,0.0,0.0,0.0,0.0,0.0,1243.0,19888.0,0.0,0.0,0.0,0.0,0.0,0.0,0.0,0.0,0.0,0.0,65527.0,1009.06,24.72,,-0.3501739266666667,-0.296,-1.085,-0.126
Late Stuart,1975,65527.0,0.0,0.0,0.0,0.0,0.0,0.0,0.0,0.0,0.0,0.0,0.0,0.0,0.0,0.0,0.0,0.0,0.0,16470.0,1010.026,25.95,,0.7798425266666666,0.624,-0.595,-1.538
Late Stuart,1976,16470.0,0.0,0.0,0.0,0.0,0.0,290.0,0.0,0.0,0.0,0.0,0.0,0.0,0.0,0.0,0.0,0.0,0.0,661599.0,1010.094,25.05,,1.1134298666666669,0.8917499999999999,-1.2225,-0.132
Late Stuart,1977,661599.0,0.0,0.0,0.0,0.0,0.0,855.0,2586.0,0.0,0.0,0.0,0.0,0.0,0.0,0.0,0.0,0.0,0.0,56784.0,1005.954,27.25333333333333,,1.5284769666666669,-1.87675,1.1425,-0.246
Late Stuart,1978,56784.0,0.0,0.0,0.0,0.0,0.0,541.0,5807.0,0.0,0.0,0.0,1843.0,0.0,0.0,0.0,0.0,0.0,0.0,215365.0,1006.492,27.15,,1.1045353533333333,-0.7747499999999999,0.6074999999999999,-0.442
Late Stuart,1979,215365.0,0.0,0.0,0.0,0.0,0.0,0.0,1268.0,0.0,0.0,0.0,0.0,0.0,0.0,0.0,0.0,0.0,0.0,3921.0,1010.552,26.56,0.185,-0.62114414,-1.181,-0.7150000000000001,0.4039999999999999
Late Stuart,1980,3921.0,0.0,0.0,0.0,0.0,0.0,104.0,478.0,0.0,0.0,0.0,0.0,0.0,0.0,0.0,0.0,0.0,0.0,1314560.0,1007.686,27.08333333333333,0.355,-1.3888758966666668,-0.7845,0.3299999999999999,-0.0679999999999999
Late Stuart,1981,1314560.0,0.0,0.0,0.0,0.0,0.0,699.0,0.0,0.0,0.0,0.0,0.0,0.0,0.0,0.0,0.0,0.0,0.0,113596.0,1004.438,26.37333333333333,-0.255,-0.53494929,-0.5375,0.985,0.862
Late Stuart,1982,113596.0,0.0,0.0,0.0,0.0,0.0,0.0,43776.0,0.0,0.0,0.0,0.0,0.0,0.0,0.0,0.0,0.0,0.0,15782.0,1010.602,26.64,0.8983333333333333,-0.1840691733333333,-0.0127499999999999,0.0349999999999999,-0.33
Late Stuart,1983,15782.0,0.0,0.0,0.0,0.0,0.0,0.0,8928.0,0.0,0.0,0.0,0.0,0.0,0.0,0.0,0.0,0.0,0.0,21440.0,1003.46,28.766666666666666,1.2616666666666667,0.2813847666666667,-0.01175,0.815,1.406
Late Stuart,1984,21440.0,0.0,0.0,0.0,0.0,0.0,0.0,0.0,0.0,0.0,0.0,0.0,0.0,0.0,0.0,0.0,0.0,0.0,1978203.0,1006.28,26.013333333333332,-0.2866666666666667,-0.1640481899999999,-0.3995,1.4825,0.116
Late Stuart,1985,1978203.0,0.0,0.0,0.0,0.0,0.0,193.0,0.0,0.0,0.0,0.0,0.0,0.0,0.0,0.0,0.0,0.0,0.0,107988.0,1010.006,25.64333333333333,-0.635,0.170517743,-0.81225,0.3725,0.002
Late Stuart,1986,107988.0,0.0,0.0,0.0,0.0,0.0,0.0,55891.0,0.0,0.0,0.0,0.0,0.0,0.0,0.0,0.0,0.0,0.0,23116.0,1004.794,26.156666666666663,0.315,-1.2994893666666667,-0.87225,1.13,0.46
Late Stuart,1987,23116.0,0.0,0.0,0.0,0.0,0.0,222.0,8699.0,0.0,0.0,0.0,0.0,0.0,0.0,0.0,0.0,0.0,0.0,26026.0,1005.968,27.80333333333333,1.7283333333333333,0.3326573833333333,-1.07675,1.4975,1.086
Late Stuart,1988,26026.0,0.0,0.0,0.0,0.0,0.0,7755.0,3717.0,0.0,0.0,0.0,32.0,0.0,0.0,0.0,0.0,0.0,0.0,3367350.0,1008.134,27.406666666666663,-1.16,0.8647857866666667,-0.383,0.5325,-0.286
Late Stuart,1989,3367350.0,0.0,0.0,0.0,0.0,0.0,264.0,0.0,0.0,0.0,0.0,0.0,0.0,0.0,0.0,0.0,0.0,0.0,858898.0,1011.742,24.93,-0.8966666666666667,0.90987403,2.3985,-1.0175,-0.0859999999999999
Late Stuart,1990,858898.0,0.0,0.0,0.0,0.0,0.0,984.0,132788.0,0.0,0.0,0.0,0.0,0.0,0.0,0.0,0.0,0.0,0.0,376655.0,1010.906,26.686666666666667,0.1116666666666666,-0.0613260966666666,1.68725,-0.76,-0.314
Late Stuart,1991,376655.0,0.0,0.0,0.0,0.0,0.0,1552.0,91171.0,0.0,0.0,0.0,0.0,0.0,0.0,0.0,0.0,0.0,0.0,322645.0,1011.244,27.036666666666665,0.5566666666666666,-0.86051957,0.1492499999999999,-1.5550000000000002,-1.136
Late Stuart,1992,322645.0,0.0,0.0,0.0,0.0,0.0,20256.0,95155.0,0.0,0.0,0.0,0.0,0.0,0.0,0.0,0.0,0.0,0.0,5163174.0,1006.456,28.363333333333333,1.0266666666666666,-0.05881037,1.06725,0.04,1.056
Late Stuart,1993,5163174.0,0.0,0.0,0.0,0.0,0.0,440.0,0.0,0.0,0.0,0.0,0.0,0.0,0.0,0.0,0.0,0.0,0.0,517217.0,1008.754,26.82333333333333,1.0116666666666667,-2.2754968,1.5175,0.0775,1.686
Late Stuart,1994,517217.0,0.0,0.0,0.0,0.0,0.0,354.0,144134.0,0.0,0.0,44.0,0.0,0.0,0.0,0.0,0.0,0.0,0.0,108095.0,1010.356,26.8,0.5266666666666667,-1.9444107,0.15675,0.53,-0.53
Late Stuart,1995,108095.0,0.0,0.0,0.0,0.0,0.0,0.0,16654.0,0.0,0.0,0.0,0.0,0.0,0.0,0.0,0.0,0.0,0.0,150838.0,1008.562,27.66333333333333,-0.2749999999999999,-1.02555351,0.6405000000000001,-0.65,0.806
Late Stuart,1996,150838.0,0.0,0.0,0.0,0.0,0.0,4082.0,17786.0,0.0,0.0,0.0,0.0,0.0,0.0,0.0,0.0,0.0,0.0,3255574.0,1007.772,25.84,-0.7166666666666667,-0.49204,-1.16175,0.8275,0.642
Late Stuart,1997,3255574.0,0.0,0.0,0.0,0.0,0.0,0.0,6429.0,0.0,0.0,0.0,0.0,0.0,0.0,0.0,0.0,0.0,0.0,620406.0,1008.67,26.23333333333333,1.653333333333333,-1.3694127,0.2004999999999999,0.2725,1.94
Late Stuart,1998,620406.0,0.0,0.0,0.0,0.0,0.0,1366.0,511029.0,0.0,0.0,0.0,0.0,0.0,0.0,0.0,0.0,0.0,0.0,100749.0,1005.478,28.87333333333333,0.1016666666666666,0.8962181933333333,-0.64725,1.2125,-1.068
Late Stuart,1999,100749.0,0.0,0.0,0.0,0.0,0.0,607.0,7429.0,0.0,0.0,0.0,0.0,0.0,0.0,0.0,0.0,0.0,0.0,849458.0,1009.446,25.21333333333333,-1.1866666666666663,1.38527183,0.1132499999999999,-1.0275,-2.122
Late Stuart,2000,849458.0,0.0,0.0,0.0,0.0,0.0,81.0,39375.0,0.0,0.0,0.0,0.0,0.0,0.0,0.0,0.0,0.0,0.0,564418.0,1008.446,25.11,-0.675,1.5269583,0.7345,-1.515,-1.218
Late Stuart,2001,564418.0,0.0,0.0,0.0,0.0,0.0,312.0,212391.0,0.0,0.0,0.0,0.0,0.0,0.0,0.0,0.0,0.0,0.0,343512.0,1007.084,25.98333333333333,-0.2383333333333333,2.660991533333333,-1.4055,0.015,-1.642
Late Stuart,2002,343512.0,0.0,0.0,0.0,0.0,0.0,23.0,79099.0,0.0,0.0,0.0,0.0,0.0,0.0,0.0,0.0,0.0,0.0,131907.0,1009.196,26.52,0.3616666666666667,2.0203324,0.56625,-1.08,-0.658
Late Stuart,2003,131907.0,0.0,0.0,0.0,0.0,0.0,1827.0,12560.0,0.0,0.0,0.0,0.0,0.0,0.0,0.0,0.0,0.0,0.0,884765.0,1005.066,27.56,-0.0966666666666666,1.86609866,-0.25075,1.315,0.124
Late Stuart,2004,884765.0,0.0,0.0,0.0,0.0,0.0,29.0,16079.0,0.0,0.0,0.0,0.0,0.0,0.0,0.0,0.0,0.0,0.0,458862.0,1008.564,27.0,0.1233333333333333,0.38554044,-0.65775,-0.3775,0.16
Late Stuart,2005,458862.0,0.0,0.0,0.0,0.0,0.0,20.0,42459.0,0.0,0.0,0.0,879.0,0.0,0.0,0.0,0.0,0.0,0.0,211304.0,1008.15,27.293333333333333,0.0866666666666666,-1.5064687166666668,-0.25825,-0.025,0.182
Late Stuart,2006,211304.0,0.0,0.0,0.0,0.0,0.0,11.0,89810.0,0.0,0.0,0.0,0.0,0.0,0.0,0.0,0.0,0.0,0.0,20631.0,1010.108,25.90333333333333,0.0016666666666666,-1.04372476,-1.0085,0.02,-0.432
Late Stuart,2007,20631.0,0.0,0.0,0.0,0.0,0.0,220.0,4449.0,0.0,0.0,0.0,0.0,0.0,0.0,0.0,0.0,0.0,0.0,269580.0,1009.826,27.316666666666663,-0.7116666666666667,-0.1777491063333333,1.04775,-0.73,-0.162
Late Stuart,2008,269580.0,0.0,0.0,0.0,0.0,0.0,89.0,5810.0,0.0,0.0,0.0,0.0,0.0,0.0,0.0,0.0,0.0,0.0,124109.0,1009.304,25.12333333333333,-0.9516666666666668,0.8532889033333333,0.7909999999999999,-1.2725,-1.83
Late Stuart,2009,124109.0,0.0,0.0,0.0,0.0,0.0,46.0,18277.0,0.0,0.0,0.0,0.0,0.0,0.0,0.0,0.0,0.0,0.0,179661.0,1013.466,25.916666666666664,-0.0066666666666666,0.66514552,0.22425,-1.74,-0.584
Late Stuart,2010,179661.0,0.0,0.0,0.0,0.0,0.0,81.0,22775.0,0.0,0.0,0.0,0.0,0.0,0.0,0.0,0.0,0.0,0.0,12311.0,1006.49,28.136666666666667,-1.3316666666666666,1.6738658666666666,-2.6745,-0.0925,-1.524
Late Stuart,2011,12311.0,0.0,0.0,0.0,0.0,0.0,418.0,6061.0,0.0,0.0,0.0,0.0,0.0,0.0,0.0,0.0,0.0,0.0,193187.0,1011.132,25.306666666666665,-1.096666666666667,0.3997249266666667,-0.32875,-1.645,-1.782
Late Stuart,2012,193187.0,0.0,0.0,0.0,0.0,0.0,47.0,6458.0,0.0,0.0,0.0,0.0,0.0,0.0,0.0,0.0,0.0,0.0,227473.0,1010.324,25.83333333333333,-0.1583333333333333,0.471165961,0.7505000000000001,-1.815,-2.348
Late Stuart,2013,227473.0,0.0,0.0,0.0,0.0,0.0,1119.0,8137.0,0.0,0.0,0.0,0.0,0.0,0.0,0.0,0.0,0.0,0.0,311561.0,1010.312,26.35333333333333,-0.6233333333333333,1.1171110666666666,-1.63775,-1.3275,-1.098
Late Stuart,2014,311561.0,0.0,0.0,0.0,0.0,0.0,0.0,35177.0,0.0,0.0,0.0,0.0,0.0,0.0,0.0,0.0,0.0,0.0,38959.0,1009.804,26.326666666666668,0.0383333333333333,-0.7239368633333333,0.439,-0.4325,0.468
Late Stuart,2015,38959.0,0.0,0.0,0.0,0.0,0.0,0.0,34431.0,0.0,0.0,0.0,0.0,0.0,0.0,0.0,0.0,0.0,0.0,34321.0,1007.862,27.27,1.5233333333333334,-0.7725732833333334,1.09625,1.5550000000000002,0.8999999999999999
Late Stuart,2016,34321.0,0.0,0.0,0.0,0.0,0.0,2266.0,322.0,0.0,0.0,0.0,0.0,0.0,0.0,0.0,0.0,0.0,0.0,219743.0,1006.588,29.130000000000003,0.3066666666666666,0.0258715233333333,0.0627499999999999,0.9725,0.322
Late Stuart,2017,219743.0,0.0,0.0,0.0,0.0,0.0,632.0,4338.0,0.0,0.0,0.0,0.0,0.0,0.0,0.0,0.0,0.0,0.0,328953.0,1010.256,26.356666666666666,-0.39,-0.81415251,1.10825,0.1575,-0.1
Late Stuart,2018,328953.0,0.0,0.0,0.0,0.0,0.0,0.0,18068.0,0.0,0.0,0.0,0.0,0.0,0.0,0.0,0.0,0.0,0.0,14177.0,1012.978,25.793333333333333,-0.2916666666666667,-2.1559666666666666,-0.292,-0.1149999999999999,-0.342
Late Stuart,2019,14177.0,0.0,0.0,0.0,0.0,0.0,148.0,9081.0,0.0,0.0,0.0,0.0,0.0,0.0,0.0,0.0,0.0,0.0,12408.0,1009.398,27.47,0.2766666666666666,-1.5390468766666667,0.6655000000000001,-0.4175,0.166
Late Stuart,2020,12408.0,0.0,0.0,0.0,0.0,0.0,70.0,895.0,0.0,0.0,0.0,0.0,0.0,0.0,0.0,0.0,0.0,0.0,468145.0,1011.762,27.22,-0.6849999999999999,-2.1876051333333333,2.22225,-1.16,-0.914
Late Stuart,2021,468145.0,0.0,0.0,0.0,0.0,0.0,223.0,0.0,0.0,0.0,0.0,0.0,0.0,0.0,0.0,0.0,0.0,0.0,215278.0,1010.636,25.65333333333333,-1.1966666666666668,-1.0642314366666668,-0.8255,-1.09,-1.754
Late Stuart,2022,215278.0,0.0,0.0,0.0,0.0,0.0,0.0,22782.0,0.0,0.0,0.0,0.0,0.0,0.0,0.0,0.0,0.0,0.0,69000.0,1010.524,25.746666666666663,-1.7983333333333331,-1.8655508666666665,0.72375,-2.1725,-2.174
Late Stuart,2023,69000.0,0.0,0.0,0.0,0.0,0.0,0.0,41000.0,0.0,0.0,0.0,0.0,0.0,0.0,0.0,0.0,0.0,0.0,41162.0,1011.92,26.063333333333333,0.2816666666666667,-1.9729653666666669,-0.37825,-1.8875,-2.586
Quesnel,1951,0.0,0.0,0.0,0.0,0.0,0.0,0.0,0.0,0.0,0.0,0.0,0.0,0.0,0.0,0.0,0.0,0.0,0.0,23587.0,,,,,,,
Quesnel,1952,23587.0,0.0,514.0,0.0,0.0,0.0,22455.0,0.0,0.0,0.0,0.0,0.0,0.0,0.0,0.0,0.0,0.0,0.0,463443.0,,,,,,,
Quesnel,1953,463443.0,0.0,0.0,0.0,0.0,0.0,34.0,0.0,0.0,0.0,0.0,0.0,0.0,0.0,0.0,0.0,0.0,0.0,2014.0,,,,,,,
Quesnel,1954,2014.0,0.0,0.0,0.0,0.0,0.0,0.0,0.0,0.0,0.0,0.0,0.0,0.0,0.0,0.0,0.0,0.0,0.0,413.0,,,,,,,
Quesnel,1955,413.0,0.0,0.0,0.0,0.0,0.0,0.0,0.0,0.0,0.0,0.0,0.0,0.0,0.0,0.0,0.0,0.0,0.0,6464.0,,,,,,,
Quesnel,1956,6464.0,0.0,0.0,0.0,0.0,0.0,5902.0,0.0,0.0,0.0,0.0,0.0,0.0,0.0,0.0,0.0,0.0,0.0,604123.0,,,,,,,
Quesnel,1957,604123.0,0.0,0.0,0.0,0.0,0.0,0.0,0.0,0.0,0.0,0.0,0.0,0.0,0.0,0.0,0.0,0.0,0.0,10912.0,,,,,,,
Quesnel,1958,10912.0,0.0,0.0,0.0,0.0,0.0,0.0,220.0,0.0,0.0,0.0,0.0,0.0,0.0,0.0,0.0,0.0,0.0,198.0,,,,,,,
Quesnel,1959,198.0,0.0,0.0,0.0,0.0,0.0,18.0,0.0,0.0,0.0,0.0,0.0,0.0,0.0,0.0,0.0,0.0,0.0,10894.0,,,,,,,
Quesnel,1960,10894.0,0.0,1420.0,0.0,0.0,0.0,8359.0,0.0,0.0,0.0,0.0,0.0,0.0,0.0,0.0,0.0,0.0,0.0,989607.0,1009.262,26.30333333333333,,0.7525811166666667,-1.59075,0.525,-0.028
Quesnel,1961,989607.0,0.0,0.0,0.0,0.0,0.0,27.0,0.0,0.0,0.0,0.0,0.0,0.0,0.0,0.0,0.0,0.0,0.0,3536.0,1006.868,26.383333333333333,,1.1995759,-0.22175,0.6125,-0.936
Quesnel,1962,3536.0,0.0,0.0,0.0,0.0,0.0,0.0,144.0,0.0,0.0,0.0,30.0,0.0,0.0,0.0,0.0,0.0,0.0,194.0,1010.684,26.12333333333333,,0.1407852133333333,-0.8072499999999999,-1.165,-1.394
Quesnel,1963,194.0,0.0,0.0,0.0,0.0,0.0,6.0,23.0,0.0,0.0,0.0,0.0,0.0,0.0,0.0,0.0,0.0,0.0,45950.0,1007.466,26.00333333333333,,-0.2092234233333333,-1.25475,-0.06,-0.58
Quesnel,1964,45950.0,0.0,0.0,0.0,0.0,0.0,44481.0,0.0,0.0,0.0,0.0,0.0,0.0,0.0,0.0,0.0,0.0,0.0,1195837.0,1009.076,27.33,,0.6354695033333334,-0.4815,0.0725,-1.456
Quesnel,1965,1195837.0,0.0,0.0,0.0,0.0,0.0,30.0,0.0,0.0,0.0,0.0,0.0,0.0,0.0,0.0,0.0,0.0,0.0,7859.0,1009.884,25.78,,-0.7087546033333333,-1.07025,-0.5875,-0.202
Quesnel,1966,7859.0,0.0,0.0,0.0,0.0,0.0,0.0,509.0,0.0,0.0,0.0,93.0,0.0,0.0,0.0,0.0,0.0,0.0,956.0,1011.274,27.813333333333333,,-0.8769983533333334,-1.3545,-0.4625,-0.258
Quesnel,1967,956.0,0.0,0.0,0.0,0.0,0.0,0.0,0.0,0.0,0.0,0.0,0.0,0.0,0.0,0.0,0.0,0.0,0.0,16973.0,1010.958,26.07333333333333,,-0.6303692166666667,0.2925,-0.375,-1.22
Quesnel,1968,16973.0,0.0,0.0,0.0,0.0,0.0,14161.0,0.0,0.0,0.0,0.0,0.0,0.0,0.0,0.0,0.0,0.0,0.0,1652135.0,1009.018,25.863333333333333,,-0.5417895966666667,-0.2922499999999999,-0.36,0.0079999999999999
Quesnel,1969,1652135.0,0.0,0.0,0.0,0.0,0.0,28.0,0.0,0.0,0.0,0.0,0.0,0.0,0.0,0.0,0.0,0.0,0.0,7953.0,1010.83,27.53,,-1.3884037466666663,-2.1115,-0.8574999999999999,-0.516
Quesnel,1970,7953.0,0.0,0.0,0.0,0.0,0.0,11.0,821.0,0.0,0.0,0.0,83.0,0.0,0.0,0.0,0.0,0.0,0.0,2146.0,1005.734,26.96333333333333,,0.2047551033333333,-1.91925,1.1,-1.08
Quesnel,1971,2146.0,0.0,0.0,0.0,0.0,0.0,0.0,396.0,0.0,0.0,0.0,0.0,0.0,0.0,0.0,0.0,0.0,0.0,6910.0,1011.482,25.21333333333333,,-0.0711822576666666,-0.64375,-1.3125,-1.27
Quesnel,1972,6910.0,0.0,69.0,0.0,0.0,0.0,6413.0,0.0,0.0,0.0,0.0,0.0,0.0,0.0,0.0,0.0,0.0,0.0,1626582.0,1011.836,25.88,,-0.322304651,0.1634999999999999,-1.8425,-1.158
Quesnel,1973,1626582.0,0.0,0.0,0.0,0.0,0.0,0.0,0.0,0.0,0.0,0.0,0.0,0.0,0.0,0.0,0.0,0.0,0.0,28107.0,1009.514,28.27,,-0.4380004316666667,0.94825,-0.4875,-1.408
Quesnel,1974,28107.0,0.0,0.0,0.0,0.0,0.0,0.0,7768.0,0.0,0.0,0.0,0.0,0.0,0.0,0.0,0.0,0.0,0.0,756.0,1009.06,24.72,,-0.3501739266666667,-0.296,-1.085,-0.126
Quesnel,1975,756.0,0.0,0.0,0.0,0.0,0.0,9.0,0.0,0.0,0.0,0.0,0.0,0.0,0.0,0.0,0.0,0.0,0.0,6497.0,1010.026,25.95,,0.7798425266666666,0.624,-0.595,-1.538
Quesnel,1976,6497.0,0.0,527.0,0.0,0.0,0.0,5114.0,0.0,0.0,0.0,0.0,0.0,0.0,0.0,0.0,0.0,0.0,0.0,2326885.0,1010.094,25.05,,1.1134298666666669,0.8917499999999999,-1.2225,-0.132
Quesnel,1977,2326885.0,0.0,0.0,0.0,0.0,0.0,21.0,0.0,0.0,0.0,0.0,0.0,0.0,0.0,0.0,0.0,0.0,0.0,33233.0,1005.954,27.25333333333333,,1.5284769666666669,-1.87675,1.1425,-0.246
Quesnel,1978,33233.0,0.0,0.0,0.0,0.0,0.0,0.0,3929.0,0.0,0.0,0.0,0.0,0.0,0.0,0.0,0.0,0.0,0.0,3564.0,1006.492,27.15,,1.1045353533333333,-0.7747499999999999,0.6074999999999999,-0.442
Quesnel,1979,3564.0,0.0,0.0,0.0,0.0,0.0,0.0,1570.0,0.0,0.0,0.0,129.0,0.0,0.0,0.0,0.0,0.0,0.0,9679.0,1010.552,26.56,0.185,-0.62114414,-1.181,-0.7150000000000001,0.4039999999999999
Quesnel,1980,9679.0,0.0,0.0,0.0,0.0,0.0,8446.0,0.0,0.0,0.0,0.0,0.0,0.0,0.0,0.0,0.0,0.0,0.0,3810928.0,1007.686,27.08333333333333,0.355,-1.3888758966666668,-0.7845,0.3299999999999999,-0.0679999999999999
Quesnel,1981,3810928.0,0.0,0.0,0.0,0.0,0.0,142.0,0.0,0.0,0.0,0.0,0.0,0.0,0.0,0.0,0.0,0.0,0.0,245363.0,1004.438,26.37333333333333,-0.255,-0.53494929,-0.5375,0.985,0.862
Quesnel,1982,245363.0,0.0,0.0,0.0,0.0,0.0,0.0,54029.0,0.0,0.0,0.0,5261.0,0.0,0.0,0.0,0.0,0.0,0.0,12612.0,1010.602,26.64,0.8983333333333333,-0.1840691733333333,-0.0127499999999999,0.0349999999999999,-0.33
Quesnel,1983,12612.0,0.0,0.0,0.0,0.0,0.0,0.0,10473.0,0.0,0.0,0.0,36.0,0.0,0.0,0.0,0.0,0.0,0.0,25962.0,1003.46,28.766666666666666,1.2616666666666667,0.2813847666666667,-0.01175,0.815,1.406
Quesnel,1984,25962.0,0.0,0.0,0.0,0.0,0.0,19608.0,3908.0,0.0,0.0,0.0,0.0,0.0,0.0,0.0,0.0,0.0,0.0,9553856.0,1006.28,26.013333333333332,-0.2866666666666667,-0.1640481899999999,-0.3995,1.4825,0.116
Quesnel,1985,9553856.0,0.0,0.0,0.0,0.0,0.0,0.0,0.0,0.0,0.0,0.0,0.0,0.0,0.0,0.0,0.0,0.0,0.0,712295.0,1010.006,25.64333333333333,-0.635,0.170517743,-0.81225,0.3725,0.002
Quesnel,1986,712295.0,0.0,0.0,0.0,0.0,0.0,33.0,213188.0,0.0,0.0,0.0,0.0,0.0,0.0,0.0,0.0,0.0,0.0,87912.0,1004.794,26.156666666666663,0.315,-1.2994893666666667,-0.87225,1.13,0.46
Quesnel,1987,87912.0,0.0,0.0,0.0,0.0,0.0,85.0,56312.0,0.0,0.0,0.0,0.0,0.0,0.0,0.0,0.0,0.0,0.0,46893.0,1005.968,27.80333333333333,1.7283333333333333,0.3326573833333333,-1.07675,1.4975,1.086
Quesnel,1988,46893.0,0.0,2870.0,0.0,0.0,0.0,28135.0,8864.0,0.0,0.0,0.0,0.0,156.0,0.0,0.0,0.0,0.0,0.0,12161405.0,1008.134,27.406666666666663,-1.16,0.8647857866666667,-0.383,0.5325,-0.286
Quesnel,1989,12161405.0,0.0,0.0,23700.0,0.0,0.0,41.0,0.0,0.0,0.0,0.0,0.0,0.0,0.0,0.0,0.0,0.0,0.0,2716516.0,1011.742,24.93,-0.8966666666666667,0.90987403,2.3985,-1.0175,-0.0859999999999999
Quesnel,1990,2716516.0,0.0,0.0,0.0,0.0,0.0,11.0,334171.0,0.0,0.0,0.0,17706.0,0.0,0.0,0.0,0.0,0.0,0.0,288545.0,1010.906,26.686666666666667,0.1116666666666666,-0.0613260966666666,1.68725,-0.76,-0.314
Quesnel,1991,288545.0,0.0,0.0,0.0,0.0,0.0,0.0,168115.0,0.0,0.0,0.0,0.0,993.0,0.0,0.0,0.0,0.0,0.0,96025.0,1011.244,27.036666666666665,0.5566666666666666,-0.86051957,0.1492499999999999,-1.5550000000000002,-1.136
Quesnel,1992,96025.0,0.0,2122.0,0.0,0.0,0.0,10417.0,57144.0,0.0,0.0,0.0,0.0,0.0,0.0,0.0,0.0,0.0,0.0,10340080.0,1006.456,28.363333333333333,1.0266666666666666,-0.05881037,1.06725,0.04,1.056
Quesnel,1993,10340080.0,0.0,0.0,0.0,0.0,0.0,585.0,0.0,0.0,0.0,51.0,0.0,0.0,0.0,0.0,0.0,0.0,0.0,3236300.0,1008.754,26.82333333333333,1.0116666666666667,-2.2754968,1.5175,0.0775,1.686
Quesnel,1994,3236300.0,0.0,0.0,0.0,0.0,0.0,26.0,280053.0,0.0,0.0,0.0,9408.0,0.0,0.0,0.0,0.0,0.0,0.0,436433.0,1010.356,26.8,0.5266666666666667,-1.9444107,0.15675,0.53,-0.53
Quesnel,1995,436433.0,0.0,0.0,0.0,0.0,0.0,1.0,336236.0,0.0,0.0,0.0,0.0,0.0,0.0,0.0,0.0,0.0,0.0,82090.0,1008.562,27.66333333333333,-0.2749999999999999,-1.02555351,0.6405000000000001,-0.65,0.806
Quesnel,1996,82090.0,0.0,282.0,0.0,0.0,0.0,1642.0,50671.0,0.0,0.0,0.0,282.0,0.0,0.0,0.0,0.0,0.0,0.0,6446284.0,1007.772,25.84,-0.7166666666666667,-0.49204,-1.16175,0.8275,0.642
Quesnel,1997,6446284.0,0.0,0.0,0.0,0.0,0.0,248.0,0.0,0.0,0.0,0.0,0.0,0.0,0.0,0.0,0.0,0.0,0.0,2666551.0,1008.67,26.23333333333333,1.653333333333333,-1.3694127,0.2004999999999999,0.2725,1.94
Quesnel,1998,2666551.0,0.0,0.0,0.0,0.0,0.0,0.0,398551.0,0.0,0.0,0.0,4529.0,0.0,0.0,0.0,0.0,0.0,0.0,332450.0,1005.478,28.87333333333333,0.1016666666666666,0.8962181933333333,-0.64725,1.2125,-1.068
Quesnel,1999,332450.0,0.0,0.0,0.0,0.0,0.0,0.0,212902.0,0.0,0.0,0.0,470.0,0.0,0.0,0.0,0.0,0.0,0.0,117802.0,1009.446,25.21333333333333,-1.1866666666666663,1.38527183,0.1132499999999999,-1.0275,-2.122
Quesnel,2000,117802.0,0.0,1589.0,0.0,0.0,0.0,79.0,48228.0,0.0,0.0,0.0,0.0,0.0,0.0,0.0,0.0,0.0,0.0,4381602.0,1008.446,25.11,-0.675,1.5269583,0.7345,-1.515,-1.218
Quesnel,2001,4381602.0,0.0,0.0,0.0,0.0,0.0,56.0,19609.0,0.0,0.0,0.0,3175.0,0.0,0.0,0.0,0.0,0.0,0.0,4800147.0,1007.084,25.98333333333333,-0.2383333333333333,2.660991533333333,-1.4055,0.015,-1.642
Quesnel,2002,4800147.0,0.0,0.0,0.0,0.0,0.0,0.0,318446.0,0.0,0.0,0.0,13897.0,0.0,0.0,0.0,0.0,0.0,0.0,853991.0,1009.196,26.52,0.3616666666666667,2.0203324,0.56625,-1.08,-0.658
Quesnel,2003,853991.0,0.0,0.0,0.0,0.0,0.0,0.0,272015.0,0.0,0.0,0.0,0.0,0.0,0.0,0.0,0.0,0.0,0.0,271722.0,1005.066,27.56,-0.0966666666666666,1.86609866,-0.25075,1.315,0.124
Quesnel,2004,271722.0,0.0,4927.0,0.0,0.0,0.0,42.0,228610.0,0.0,0.0,0.0,0.0,0.0,0.0,0.0,0.0,0.0,0.0,3592160.0,1008.564,27.0,0.1233333333333333,0.38554044,-0.65775,-0.3775,0.16
Quesnel,2005,3592160.0,0.0,0.0,0.0,0.0,0.0,38.0,15667.0,0.0,0.0,0.0,0.0,0.0,0.0,0.0,0.0,0.0,0.0,723165.0,1008.15,27.293333333333333,0.0866666666666666,-1.5064687166666668,-0.25825,-0.025,0.182
Quesnel,2006,723165.0,0.0,0.0,0.0,0.0,0.0,0.0,115416.0,0.0,0.0,0.0,4166.0,0.0,0.0,0.0,0.0,0.0,0.0,119068.0,1010.108,25.90333333333333,0.0016666666666666,-1.04372476,-1.0085,0.02,-0.432
Quesnel,2007,119068.0,0.0,0.0,0.0,0.0,0.0,0.0,36207.0,0.0,0.0,0.0,437.0,0.0,0.0,0.0,0.0,0.0,0.0,68161.0,1009.826,27.316666666666663,-0.7116666666666667,-0.1777491063333333,1.04775,-0.73,-0.162
Quesnel,2008,68161.0,0.0,0.0,164.0,0.0,0.0,0.0,60604.0,0.0,0.0,0.0,848.0,0.0,0.0,0.0,0.0,0.0,0.0,203934.0,1009.304,25.12333333333333,-0.9516666666666668,0.8532889033333333,0.7909999999999999,-1.2725,-1.83
Quesnel,2009,203934.0,0.0,169.0,0.0,0.0,0.0,67.0,5107.0,0.0,0.0,17.0,0.0,0.0,0.0,0.0,0.0,0.0,0.0,604146.0,1013.466,25.916666666666664,-0.0066666666666666,0.66514552,0.22425,-1.74,-0.584
Quesnel,2010,604146.0,0.0,0.0,0.0,0.0,0.0,23.0,15503.0,0.0,0.0,0.0,2854.0,0.0,0.0,0.0,0.0,0.0,0.0,121801.0,1006.49,28.136666666666667,-1.3316666666666666,1.6738658666666666,-2.6745,-0.0925,-1.524
Quesnel,2011,121801.0,0.0,0.0,0.0,0.0,0.0,0.0,42264.0,0.0,0.0,0.0,0.0,190.0,0.0,0.0,0.0,0.0,0.0,1416.0,1011.132,25.306666666666665,-1.096666666666667,0.3997249266666667,-0.32875,-1.645,-1.782
Quesnel,2012,1416.0,0.0,0.0,0.0,0.0,0.0,24.0,585.0,0.0,0.0,0.0,13.0,0.0,0.0,0.0,0.0,0.0,0.0,306977.0,1010.324,25.83333333333333,-0.1583333333333333,0.471165961,0.7505000000000001,-1.815,-2.348
Quesnel,2013,306977.0,0.0,0.0,173.0,0.0,0.0,3986.0,6267.0,0.0,0.0,0.0,173.0,0.0,0.0,0.0,0.0,0.0,0.0,2519390.0,1010.312,26.35333333333333,-0.6233333333333333,1.1171110666666666,-1.63775,-1.3275,-1.098
Quesnel,2014,2519390.0,0.0,0.0,0.0,0.0,0.0,41.0,23536.0,0.0,0.0,59.0,0.0,0.0,0.0,0.0,0.0,0.0,0.0,67128.0,1009.804,26.326666666666668,0.0383333333333333,-0.7239368633333333,0.439,-0.4325,0.468
Quesnel,2015,67128.0,0.0,0.0,0.0,0.0,0.0,1.0,29220.0,0.0,0.0,0.0,511.0,0.0,0.0,0.0,0.0,0.0,0.0,4761.0,1007.862,27.27,1.5233333333333334,-0.7725732833333334,1.09625,1.5550000000000002,0.8999999999999999
Quesnel,2016,4761.0,0.0,0.0,0.0,0.0,0.0,482.0,3984.0,0.0,0.0,0.0,0.0,0.0,0.0,0.0,0.0,0.0,0.0,145779.0,1006.588,29.130000000000003,0.3066666666666666,0.0258715233333333,0.0627499999999999,0.9725,0.322
Quesnel,2017,145779.0,0.0,0.0,0.0,0.0,0.0,1846.0,206.0,0.0,0.0,0.0,0.0,0.0,0.0,0.0,0.0,0.0,0.0,2138731.0,1010.256,26.356666666666666,-0.39,-0.81415251,1.10825,0.1575,-0.1
Quesnel,2018,2138731.0,0.0,0.0,0.0,0.0,0.0,0.0,8477.0,0.0,0.0,0.0,0.0,0.0,0.0,0.0,0.0,0.0,0.0,45495.0,1012.978,25.793333333333333,-0.2916666666666667,-2.1559666666666666,-0.292,-0.1149999999999999,-0.342
Quesnel,2019,45495.0,0.0,0.0,0.0,0.0,0.0,0.0,40089.0,0.0,0.0,0.0,232.0,0.0,0.0,0.0,0.0,0.0,0.0,1475.0,1009.398,27.47,0.2766666666666666,-1.5390468766666667,0.6655000000000001,-0.4175,0.166
Quesnel,2020,1475.0,0.0,0.0,0.0,0.0,0.0,9.0,1127.0,0.0,0.0,0.0,43.0,0.0,0.0,0.0,0.0,0.0,0.0,121552.0,1011.762,27.22,-0.6849999999999999,-2.1876051333333333,2.22225,-1.16,-0.914
Quesnel,2021,121552.0,0.0,0.0,0.0,0.0,0.0,493.0,730.0,0.0,0.0,0.0,0.0,0.0,0.0,0.0,0.0,0.0,0.0,1501863.0,1010.636,25.65333333333333,-1.1966666666666668,-1.0642314366666668,-0.8255,-1.09,-1.754
Quesnel,2022,1501863.0,0.0,0.0,0.0,0.0,0.0,0.0,682.0,0.0,0.0,0.0,0.0,0.0,0.0,0.0,0.0,0.0,0.0,122000.0,1010.524,25.746666666666663,-1.7983333333333331,-1.8655508666666665,0.72375,-2.1725,-2.174
Quesnel,2023,122000.0,0.0,0.0,0.0,0.0,0.0,0.0,78000.0,0.0,0.0,0.0,0.0,0.0,0.0,0.0,0.0,0.0,0.0,5430.0,1011.92,26.063333333333333,0.2816666666666667,-1.9729653666666669,-0.37825,-1.8875,-2.586
Raft,1951,0.0,0.0,0.0,0.0,0.0,0.0,0.0,0.0,0.0,0.0,0.0,0.0,0.0,0.0,0.0,0.0,0.0,0.0,62653.0,,,,,,,
Raft,1952,62653.0,0.0,0.0,0.0,0.0,0.0,0.0,0.0,0.0,0.0,0.0,0.0,0.0,0.0,0.0,0.0,0.0,0.0,37449.0,,,,,,,
Raft,1953,37449.0,0.0,0.0,0.0,0.0,0.0,17.0,684.0,0.0,0.0,0.0,0.0,0.0,0.0,0.0,0.0,0.0,0.0,42435.0,,,,,,,
Raft,1954,42435.0,0.0,0.0,0.0,0.0,0.0,8.0,2878.0,0.0,0.0,0.0,0.0,0.0,0.0,0.0,0.0,0.0,0.0,40631.0,,,,,,,
Raft,1955,40631.0,0.0,0.0,0.0,0.0,0.0,5.0,5990.0,0.0,0.0,0.0,0.0,0.0,0.0,0.0,0.0,0.0,0.0,59176.0,,,,,,,
Raft,1956,59176.0,0.0,0.0,0.0,0.0,0.0,0.0,13009.0,0.0,0.0,0.0,0.0,0.0,0.0,0.0,0.0,0.0,0.0,35526.0,,,,,,,
Raft,1957,35526.0,0.0,0.0,0.0,0.0,0.0,231.0,5010.0,0.0,0.0,0.0,0.0,0.0,0.0,0.0,0.0,0.0,0.0,40810.0,,,,,,,
Raft,1958,40810.0,0.0,0.0,0.0,0.0,0.0,7.0,1839.0,0.0,0.0,0.0,0.0,0.0,0.0,0.0,0.0,0.0,0.0,63790.0,,,,,,,
Raft,1959,63790.0,0.0,0.0,0.0,0.0,0.0,0.0,11293.0,0.0,0.0,0.0,0.0,0.0,0.0,0.0,0.0,0.0,0.0,25425.0,,,,,,,
Raft,1960,25425.0,0.0,0.0,0.0,0.0,0.0,72.0,7860.0,0.0,0.0,0.0,158.0,0.0,0.0,0.0,0.0,0.0,0.0,28760.0,1009.262,26.30333333333333,,0.7525811166666667,-1.59075,0.525,-0.028
Raft,1961,28760.0,0.0,0.0,0.0,0.0,0.0,23.0,8029.0,0.0,0.0,0.0,1776.0,0.0,0.0,0.0,0.0,0.0,0.0,24602.0,1006.868,26.383333333333333,,1.1995759,-0.22175,0.6125,-0.936
Raft,1962,24602.0,0.0,0.0,0.0,0.0,0.0,0.0,2011.0,0.0,0.0,0.0,0.0,0.0,0.0,0.0,0.0,0.0,0.0,21010.0,1010.684,26.12333333333333,,0.1407852133333333,-0.8072499999999999,-1.165,-1.394
Raft,1963,21010.0,0.0,0.0,0.0,0.0,0.0,64.0,512.0,0.0,0.0,0.0,17.0,0.0,0.0,0.0,0.0,0.0,0.0,17944.0,1007.466,26.00333333333333,,-0.2092234233333333,-1.25475,-0.06,-0.58
Raft,1964,17944.0,0.0,0.0,0.0,0.0,0.0,32.0,3167.0,0.0,0.0,0.0,30.0,0.0,0.0,0.0,0.0,0.0,0.0,24308.0,1009.076,27.33,,0.6354695033333334,-0.4815,0.0725,-1.456
Raft,1965,24308.0,0.0,0.0,0.0,0.0,0.0,0.0,2049.0,0.0,0.0,0.0,120.0,0.0,0.0,0.0,0.0,0.0,0.0,39740.0,1009.884,25.78,,-0.7087546033333333,-1.07025,-0.5875,-0.202
Raft,1966,39740.0,0.0,0.0,0.0,0.0,0.0,18.0,2154.0,0.0,0.0,0.0,0.0,0.0,0.0,0.0,0.0,0.0,0.0,12152.0,1011.274,27.813333333333333,,-0.8769983533333334,-1.3545,-0.4625,-0.258
Raft,1967,12152.0,0.0,0.0,0.0,0.0,0.0,81.0,2981.0,0.0,0.0,0.0,0.0,0.0,0.0,0.0,0.0,0.0,0.0,41065.0,1010.958,26.07333333333333,,-0.6303692166666667,0.2925,-0.375,-1.22
Raft,1968,41065.0,0.0,0.0,0.0,0.0,0.0,73.0,265.0,0.0,0.0,0.0,444.0,0.0,0.0,0.0,0.0,0.0,0.0,27547.0,1009.018,25.863333333333333,,-0.5417895966666667,-0.2922499999999999,-0.36,0.0079999999999999
Raft,1969,27547.0,0.0,0.0,0.0,0.0,0.0,320.0,8228.0,0.0,0.0,0.0,132.0,0.0,0.0,0.0,0.0,0.0,0.0,22206.0,1010.83,27.53,,-1.3884037466666663,-2.1115,-0.8574999999999999,-0.516
Raft,1970,22206.0,0.0,0.0,0.0,0.0,0.0,37.0,1686.0,0.0,0.0,0.0,0.0,0.0,0.0,0.0,0.0,0.0,0.0,11060.0,1005.734,26.96333333333333,,0.2047551033333333,-1.91925,1.1,-1.08
Raft,1971,11060.0,0.0,0.0,0.0,0.0,0.0,98.0,2736.0,0.0,0.0,0.0,0.0,0.0,0.0,0.0,0.0,0.0,0.0,102664.0,1011.482,25.21333333333333,,-0.0711822576666666,-0.64375,-1.3125,-1.27
Raft,1972,102664.0,0.0,0.0,0.0,0.0,0.0,381.0,1395.0,0.0,0.0,0.0,0.0,0.0,0.0,0.0,0.0,0.0,0.0,15727.0,1011.836,25.88,,-0.322304651,0.1634999999999999,-1.8425,-1.158
Raft,1973,15727.0,0.0,0.0,0.0,0.0,0.0,37.0,5411.0,0.0,0.0,0.0,0.0,0.0,0.0,0.0,0.0,0.0,0.0,12043.0,1009.514,28.27,,-0.4380004316666667,0.94825,-0.4875,-1.408
Raft,1974,12043.0,0.0,0.0,0.0,0.0,0.0,33.0,3710.0,0.0,0.0,0.0,0.0,0.0,0.0,0.0,0.0,0.0,0.0,10180.0,1009.06,24.72,,-0.3501739266666667,-0.296,-1.085,-0.126
Raft,1975,10180.0,0.0,0.0,0.0,0.0,0.0,87.0,523.0,0.0,0.0,0.0,0.0,0.0,0.0,0.0,0.0,0.0,0.0,59753.0,1010.026,25.95,,0.7798425266666666,0.624,-0.595,-1.538
Raft,1976,59753.0,0.0,0.0,0.0,0.0,0.0,22.0,2116.0,0.0,0.0,0.0,642.0,0.0,0.0,0.0,0.0,0.0,0.0,2583.0,1010.094,25.05,,1.1134298666666669,0.8917499999999999,-1.2225,-0.132
Raft,1977,2583.0,0.0,0.0,0.0,0.0,0.0,206.0,761.0,0.0,0.0,0.0,0.0,0.0,0.0,0.0,0.0,0.0,0.0,19271.0,1005.954,27.25333333333333,,1.5284769666666669,-1.87675,1.1425,-0.246
Raft,1978,19271.0,0.0,0.0,0.0,0.0,0.0,7.0,7723.0,0.0,0.0,0.0,0.0,0.0,0.0,0.0,0.0,0.0,0.0,6164.0,1006.492,27.15,,1.1045353533333333,-0.7747499999999999,0.6074999999999999,-0.442
Raft,1979,6164.0,0.0,0.0,0.0,0.0,0.0,56.0,476.0,0.0,0.0,0.0,0.0,0.0,0.0,0.0,0.0,0.0,0.0,19616.0,1010.552,26.56,0.185,-0.62114414,-1.181,-0.7150000000000001,0.4039999999999999
Raft,1980,19616.0,0.0,0.0,0.0,0.0,0.0,0.0,797.0,0.0,0.0,0.0,280.0,0.0,0.0,0.0,0.0,0.0,0.0,4312.0,1007.686,27.08333333333333,0.355,-1.3888758966666668,-0.7845,0.3299999999999999,-0.0679999999999999
Raft,1981,4312.0,0.0,0.0,0.0,0.0,0.0,253.0,1331.0,0.0,0.0,0.0,0.0,0.0,0.0,0.0,0.0,0.0,0.0,15077.0,1004.438,26.37333333333333,-0.255,-0.53494929,-0.5375,0.985,0.862
Raft,1982,15077.0,0.0,0.0,0.0,0.0,0.0,0.0,3189.0,0.0,0.0,0.0,0.0,0.0,0.0,0.0,0.0,0.0,0.0,8925.0,1010.602,26.64,0.8983333333333333,-0.1840691733333333,-0.0127499999999999,0.0349999999999999,-0.33
Raft,1983,8925.0,0.0,0.0,0.0,0.0,0.0,112.0,6562.0,0.0,0.0,0.0,45.0,1023.0,0.0,0.0,0.0,0.0,0.0,49712.0,1003.46,28.766666666666666,1.2616666666666667,0.2813847666666667,-0.01175,0.815,1.406
Raft,1984,49712.0,0.0,0.0,0.0,0.0,0.0,29.0,1856.0,0.0,0.0,0.0,0.0,0.0,0.0,0.0,0.0,0.0,0.0,11150.0,1006.28,26.013333333333332,-0.2866666666666667,-0.1640481899999999,-0.3995,1.4825,0.116
Raft,1985,11150.0,0.0,0.0,0.0,0.0,0.0,0.0,3784.0,0.0,0.0,0.0,0.0,0.0,0.0,0.0,0.0,0.0,0.0,3791.0,1010.006,25.64333333333333,-0.635,0.170517743,-0.81225,0.3725,0.002
Raft,1986,3791.0,0.0,0.0,0.0,0.0,0.0,38.0,1244.0,0.0,0.0,0.0,0.0,0.0,0.0,0.0,0.0,0.0,0.0,4441.0,1004.794,26.156666666666663,0.315,-1.2994893666666667,-0.87225,1.13,0.46
Raft,1987,4441.0,0.0,0.0,0.0,0.0,0.0,325.0,1233.0,0.0,0.0,0.0,28.0,0.0,0.0,0.0,0.0,0.0,0.0,35407.0,1005.968,27.80333333333333,1.7283333333333333,0.3326573833333333,-1.07675,1.4975,1.086
Raft,1988,35407.0,0.0,0.0,0.0,0.0,0.0,7.0,1196.0,0.0,0.0,0.0,1512.0,0.0,0.0,0.0,0.0,0.0,0.0,16868.0,1008.134,27.406666666666663,-1.16,0.8647857866666667,-0.383,0.5325,-0.286
Raft,1989,16868.0,0.0,0.0,0.0,0.0,0.0,0.0,14038.0,0.0,0.0,0.0,0.0,0.0,0.0,0.0,0.0,0.0,0.0,4606.0,1011.742,24.93,-0.8966666666666667,0.90987403,2.3985,-1.0175,-0.0859999999999999
Raft,1990,4606.0,0.0,0.0,0.0,0.0,0.0,0.0,1591.0,0.0,0.0,0.0,105.0,8.0,0.0,0.0,0.0,0.0,0.0,1510.0,1010.906,26.686666666666667,0.1116666666666666,-0.0613260966666666,1.68725,-0.76,-0.314
Raft,1991,1510.0,0.0,0.0,0.0,0.0,0.0,0.0,111.0,0.0,0.0,0.0,0.0,0.0,0.0,0.0,0.0,0.0,0.0,44211.0,1011.244,27.036666666666665,0.5566666666666666,-0.86051957,0.1492499999999999,-1.5550000000000002,-1.136
Raft,1992,44211.0,0.0,0.0,0.0,0.0,0.0,7.0,2421.0,0.0,0.0,0.0,0.0,0.0,0.0,0.0,0.0,0.0,0.0,15749.0,1006.456,28.363333333333333,1.0266666666666666,-0.05881037,1.06725,0.04,1.056
Raft,1993,15749.0,0.0,0.0,0.0,0.0,0.0,0.0,8304.0,0.0,0.0,0.0,88.0,0.0,0.0,0.0,0.0,0.0,0.0,5855.0,1008.754,26.82333333333333,1.0116666666666667,-2.2754968,1.5175,0.0775,1.686
Raft,1994,5855.0,0.0,0.0,0.0,0.0,0.0,0.0,3935.0,0.0,0.0,0.0,0.0,310.0,0.0,0.0,0.0,0.0,0.0,1848.0,1010.356,26.8,0.5266666666666667,-1.9444107,0.15675,0.53,-0.53
Raft,1995,1848.0,0.0,0.0,0.0,0.0,0.0,6.0,934.0,0.0,0.0,0.0,0.0,0.0,0.0,0.0,0.0,0.0,0.0,65906.0,1008.562,27.66333333333333,-0.2749999999999999,-1.02555351,0.6405000000000001,-0.65,0.806
Raft,1996,65906.0,0.0,0.0,0.0,0.0,0.0,24.0,553.0,0.0,0.0,8.0,0.0,0.0,0.0,0.0,0.0,0.0,0.0,24410.0,1007.772,25.84,-0.7166666666666667,-0.49204,-1.16175,0.8275,0.642
Raft,1997,24410.0,0.0,0.0,0.0,0.0,0.0,0.0,2024.0,0.0,0.0,0.0,0.0,0.0,0.0,0.0,0.0,0.0,0.0,15571.0,1008.67,26.23333333333333,1.653333333333333,-1.3694127,0.2004999999999999,0.2725,1.94
Raft,1998,15571.0,0.0,0.0,0.0,0.0,0.0,41.0,10727.0,0.0,0.0,0.0,65.0,0.0,0.0,0.0,0.0,0.0,0.0,47468.0,1005.478,28.87333333333333,0.1016666666666666,0.8962181933333333,-0.64725,1.2125,-1.068
Raft,1999,47468.0,0.0,593.0,0.0,0.0,0.0,0.0,22745.0,0.0,0.0,0.0,989.0,396.0,0.0,0.0,0.0,0.0,0.0,93799.0,1009.446,25.21333333333333,-1.1866666666666663,1.38527183,0.1132499999999999,-1.0275,-2.122
Raft,2000,93799.0,0.0,0.0,0.0,0.0,0.0,0.0,4484.0,0.0,0.0,0.0,0.0,0.0,0.0,0.0,0.0,0.0,0.0,48675.0,1008.446,25.11,-0.675,1.5269583,0.7345,-1.515,-1.218
Raft,2001,48675.0,0.0,0.0,0.0,0.0,0.0,8.0,22684.0,0.0,0.0,0.0,0.0,0.0,0.0,0.0,0.0,0.0,0.0,30278.0,1007.084,25.98333333333333,-0.2383333333333333,2.660991533333333,-1.4055,0.015,-1.642
Raft,2002,30278.0,0.0,0.0,0.0,0.0,0.0,92.0,25281.0,0.0,0.0,0.0,0.0,0.0,0.0,0.0,0.0,0.0,0.0,37804.0,1009.196,26.52,0.3616666666666667,2.0203324,0.56625,-1.08,-0.658
Raft,2003,37804.0,0.0,0.0,0.0,0.0,0.0,53.0,11325.0,0.0,0.0,0.0,0.0,0.0,0.0,0.0,0.0,0.0,0.0,142932.0,1005.066,27.56,-0.0966666666666666,1.86609866,-0.25075,1.315,0.124
Raft,2004,142932.0,0.0,630.0,0.0,0.0,0.0,0.0,34631.0,0.0,0.0,0.0,0.0,0.0,0.0,0.0,0.0,0.0,0.0,87357.0,1008.564,27.0,0.1233333333333333,0.38554044,-0.65775,-0.3775,0.16
Raft,2005,87357.0,0.0,0.0,365.0,0.0,0.0,45.0,7672.0,0.0,0.0,0.0,0.0,0.0,0.0,0.0,0.0,0.0,0.0,37794.0,1008.15,27.293333333333333,0.0866666666666666,-1.5064687166666668,-0.25825,-0.025,0.182
Raft,2006,37794.0,0.0,0.0,0.0,0.0,0.0,0.0,16425.0,0.0,0.0,0.0,0.0,0.0,0.0,0.0,0.0,0.0,0.0,25240.0,1010.108,25.90333333333333,0.0016666666666666,-1.04372476,-1.0085,0.02,-0.432
Raft,2007,25240.0,0.0,1272.0,106.0,0.0,0.0,4.0,21419.0,0.0,0.0,0.0,0.0,0.0,0.0,0.0,0.0,0.0,0.0,47043.0,1009.826,27.316666666666663,-0.7116666666666667,-0.1777491063333333,1.04775,-0.73,-0.162
Raft,2008,47043.0,0.0,198.0,1779.0,0.0,0.0,0.0,5930.0,0.0,0.0,0.0,0.0,0.0,0.0,0.0,0.0,0.0,0.0,16990.0,1009.304,25.12333333333333,-0.9516666666666668,0.8532889033333333,0.7909999999999999,-1.2725,-1.83
Raft,2009,16990.0,0.0,143.0,0.0,0.0,0.0,0.0,9746.0,0.0,0.0,0.0,208.0,0.0,0.0,0.0,0.0,0.0,0.0,10805.0,1013.466,25.916666666666664,-0.0066666666666666,0.66514552,0.22425,-1.74,-0.584
Raft,2010,10805.0,0.0,0.0,324.0,0.0,0.0,0.0,2677.0,0.0,0.0,0.0,0.0,0.0,0.0,0.0,0.0,0.0,0.0,16224.0,1006.49,28.136666666666667,-1.3316666666666666,1.6738658666666666,-2.6745,-0.0925,-1.524
Raft,2011,16224.0,0.0,0.0,0.0,0.0,0.0,2.0,9950.0,0.0,0.0,0.0,0.0,0.0,0.0,0.0,0.0,0.0,0.0,20383.0,1011.132,25.306666666666665,-1.096666666666667,0.3997249266666667,-0.32875,-1.645,-1.782
Raft,2012,20383.0,0.0,0.0,0.0,0.0,0.0,5.0,4874.0,0.0,0.0,0.0,0.0,0.0,0.0,0.0,0.0,0.0,0.0,25854.0,1010.324,25.83333333333333,-0.1583333333333333,0.471165961,0.7505000000000001,-1.815,-2.348
Raft,2013,25854.0,0.0,0.0,0.0,0.0,0.0,36.0,3896.0,0.0,0.0,0.0,0.0,0.0,0.0,0.0,0.0,0.0,0.0,54236.0,1010.312,26.35333333333333,-0.6233333333333333,1.1171110666666666,-1.63775,-1.3275,-1.098
Raft,2014,54236.0,0.0,0.0,0.0,0.0,0.0,43.0,15492.0,0.0,0.0,0.0,0.0,0.0,0.0,0.0,0.0,0.0,0.0,24500.0,1009.804,26.326666666666668,0.0383333333333333,-0.7239368633333333,0.439,-0.4325,0.468
Raft,2015,24500.0,0.0,0.0,0.0,0.0,0.0,0.0,5905.0,0.0,0.0,0.0,0.0,0.0,0.0,0.0,0.0,0.0,0.0,22126.0,1007.862,27.27,1.5233333333333334,-0.7725732833333334,1.09625,1.5550000000000002,0.8999999999999999
Raft,2016,22126.0,0.0,0.0,0.0,0.0,0.0,6.0,5136.0,0.0,0.0,0.0,0.0,0.0,0.0,0.0,0.0,0.0,0.0,7295.0,1006.588,29.130000000000003,0.3066666666666666,0.0258715233333333,0.0627499999999999,0.9725,0.322
Raft,2017,7295.0,0.0,0.0,0.0,0.0,0.0,3.0,4404.0,0.0,0.0,0.0,0.0,0.0,0.0,0.0,0.0,0.0,0.0,13715.0,1010.256,26.356666666666666,-0.39,-0.81415251,1.10825,0.1575,-0.1
Raft,2018,13715.0,0.0,0.0,0.0,0.0,0.0,0.0,2523.0,0.0,0.0,0.0,0.0,0.0,0.0,0.0,0.0,0.0,0.0,1190.0,1012.978,25.793333333333333,-0.2916666666666667,-2.1559666666666666,-0.292,-0.1149999999999999,-0.342
Raft,2019,1190.0,0.0,0.0,0.0,0.0,0.0,0.0,665.0,0.0,0.0,0.0,0.0,0.0,0.0,0.0,0.0,0.0,0.0,6341.0,1009.398,27.47,0.2766666666666666,-1.5390468766666667,0.6655000000000001,-0.4175,0.166
Raft,2020,6341.0,0.0,0.0,0.0,0.0,0.0,0.0,871.0,0.0,0.0,0.0,0.0,0.0,0.0,0.0,0.0,0.0,0.0,5502.0,1011.762,27.22,-0.6849999999999999,-2.1876051333333333,2.22225,-1.16,-0.914
Raft,2021,5502.0,0.0,0.0,0.0,0.0,0.0,0.0,2089.0,0.0,0.0,0.0,142.0,0.0,0.0,0.0,0.0,0.0,0.0,7133.0,1010.636,25.65333333333333,-1.1966666666666668,-1.0642314366666668,-0.8255,-1.09,-1.754
Raft,2022,7133.0,0.0,31.0,0.0,0.0,0.0,4.0,879.0,0.0,0.0,0.0,0.0,0.0,0.0,0.0,0.0,0.0,0.0,12632.0,1010.524,25.746666666666663,-1.7983333333333331,-1.8655508666666665,0.72375,-2.1725,-2.174
Raft,2023,12632.0,0.0,0.0,0.0,0.0,0.0,0.0,2471.0,0.0,0.0,0.0,0.0,0.0,0.0,0.0,0.0,0.0,0.0,13119.0,1011.92,26.063333333333333,0.2816666666666667,-1.9729653666666669,-0.37825,-1.8875,-2.586
Stellako,1951,0.0,0.0,0.0,0.0,0.0,0.0,0.0,0.0,0.0,0.0,0.0,0.0,0.0,0.0,0.0,0.0,0.0,0.0,185308.0,,,,,,,
Stellako,1952,185308.0,0.0,0.0,0.0,0.0,0.0,133.0,0.0,0.0,0.0,0.0,0.0,0.0,0.0,0.0,0.0,0.0,0.0,200034.0,,,,,,,
Stellako,1953,200034.0,0.0,0.0,0.0,0.0,0.0,4630.0,22002.0,0.0,0.0,0.0,0.0,0.0,0.0,0.0,0.0,0.0,0.0,910135.0,,,,,,,
Stellako,1954,910135.0,0.0,0.0,0.0,0.0,0.0,26.0,6341.0,0.0,0.0,0.0,0.0,0.0,0.0,0.0,0.0,0.0,0.0,384791.0,,,,,,,
Stellako,1955,384791.0,0.0,0.0,0.0,0.0,0.0,23.0,30719.0,0.0,0.0,0.0,0.0,0.0,0.0,0.0,0.0,0.0,0.0,195306.0,,,,,,,
Stellako,1956,195306.0,0.0,0.0,0.0,0.0,0.0,30.0,101292.0,0.0,0.0,0.0,0.0,0.0,0.0,0.0,0.0,0.0,0.0,176197.0,,,,,,,
Stellako,1957,176197.0,0.0,0.0,0.0,0.0,0.0,3311.0,16694.0,0.0,0.0,0.0,0.0,0.0,0.0,0.0,0.0,0.0,0.0,1158256.0,,,,,,,
Stellako,1958,1158256.0,0.0,0.0,0.0,0.0,0.0,28.0,18023.0,0.0,0.0,0.0,0.0,0.0,0.0,0.0,0.0,0.0,0.0,670552.0,,,,,,,
Stellako,1959,670552.0,0.0,0.0,0.0,0.0,0.0,92.0,67783.0,0.0,0.0,0.0,0.0,0.0,0.0,0.0,0.0,0.0,0.0,247499.0,,,,,,,
Stellako,1960,247499.0,0.0,0.0,0.0,0.0,0.0,8.0,27091.0,0.0,0.0,0.0,0.0,0.0,0.0,0.0,0.0,0.0,0.0,171234.0,1009.262,26.30333333333333,,0.7525811166666667,-1.59075,0.525,-0.028
Stellako,1961,171234.0,0.0,0.0,0.0,0.0,0.0,1156.0,26243.0,0.0,0.0,0.0,0.0,0.0,0.0,0.0,0.0,0.0,0.0,331106.0,1006.868,26.383333333333333,,1.1995759,-0.22175,0.6125,-0.936
Stellako,1962,331106.0,0.0,0.0,0.0,0.0,0.0,17.0,8000.0,0.0,0.0,0.0,0.0,0.0,0.0,0.0,0.0,0.0,0.0,531152.0,1010.684,26.12333333333333,,0.1407852133333333,-0.8072499999999999,-1.165,-1.394
Stellako,1963,531152.0,0.0,0.0,0.0,0.0,0.0,19.0,16215.0,0.0,0.0,0.0,0.0,0.0,0.0,0.0,0.0,0.0,0.0,170113.0,1007.466,26.00333333333333,,-0.2092234233333333,-1.25475,-0.06,-0.58
Stellako,1964,170113.0,0.0,0.0,0.0,0.0,0.0,288.0,26485.0,0.0,0.0,0.0,0.0,0.0,0.0,0.0,0.0,0.0,0.0,158301.0,1009.076,27.33,,0.6354695033333334,-0.4815,0.0725,-1.456
Stellako,1965,158301.0,0.0,0.0,0.0,0.0,0.0,100.0,21155.0,0.0,0.0,0.0,0.0,0.0,0.0,0.0,0.0,0.0,0.0,583074.0,1009.884,25.78,,-0.7087546033333333,-1.07025,-0.5875,-0.202
Stellako,1966,583074.0,0.0,0.0,0.0,0.0,0.0,977.0,10068.0,0.0,0.0,0.0,0.0,0.0,0.0,0.0,0.0,0.0,0.0,731057.0,1011.274,27.813333333333333,,-0.8769983533333334,-1.3545,-0.4625,-0.258
Stellako,1967,731057.0,0.0,0.0,0.0,0.0,0.0,194.0,17376.0,0.0,0.0,0.0,0.0,0.0,0.0,0.0,0.0,0.0,0.0,184315.0,1010.958,26.07333333333333,,-0.6303692166666667,0.2925,-0.375,-1.22
Stellako,1968,184315.0,0.0,0.0,0.0,0.0,0.0,179.0,13462.0,0.0,0.0,0.0,0.0,0.0,0.0,0.0,0.0,0.0,0.0,238902.0,1009.018,25.863333333333333,,-0.5417895966666667,-0.2922499999999999,-0.36,0.0079999999999999
Stellako,1969,238902.0,0.0,0.0,0.0,0.0,0.0,833.0,6969.0,0.0,0.0,0.0,0.0,0.0,0.0,0.0,0.0,0.0,0.0,348976.0,1010.83,27.53,,-1.3884037466666663,-2.1115,-0.8574999999999999,-0.516
Stellako,1970,348976.0,0.0,0.0,0.0,0.0,0.0,288.0,12372.0,0.0,0.0,0.0,0.0,0.0,0.0,0.0,0.0,0.0,0.0,554728.0,1005.734,26.96333333333333,,0.2047551033333333,-1.91925,1.1,-1.08
Stellako,1971,554728.0,0.0,0.0,0.0,0.0,0.0,85.0,22757.0,0.0,0.0,0.0,0.0,0.0,0.0,0.0,0.0,0.0,0.0,144381.0,1011.482,25.21333333333333,,-0.0711822576666666,-0.64375,-1.3125,-1.27
Stellako,1972,144381.0,0.0,0.0,0.0,0.0,0.0,131.0,18350.0,0.0,0.0,0.0,0.0,0.0,0.0,0.0,0.0,0.0,0.0,240736.0,1011.836,25.88,,-0.322304651,0.1634999999999999,-1.8425,-1.158
Stellako,1973,240736.0,0.0,0.0,0.0,0.0,0.0,1170.0,3837.0,0.0,0.0,0.0,0.0,0.0,0.0,0.0,0.0,0.0,0.0,246689.0,1009.514,28.27,,-0.4380004316666667,0.94825,-0.4875,-1.408
Stellako,1974,246689.0,0.0,0.0,0.0,0.0,0.0,496.0,17385.0,0.0,0.0,0.0,0.0,0.0,0.0,0.0,0.0,0.0,0.0,513105.0,1009.06,24.72,,-0.3501739266666667,-0.296,-1.085,-0.126
Stellako,1975,513105.0,0.0,0.0,0.0,0.0,0.0,204.0,4130.0,0.0,0.0,12.0,0.0,0.0,0.0,0.0,0.0,0.0,0.0,711237.0,1010.026,25.95,,0.7798425266666666,0.624,-0.595,-1.538
Stellako,1976,711237.0,0.0,0.0,0.0,0.0,0.0,11.0,0.0,0.0,0.0,0.0,0.0,0.0,0.0,0.0,0.0,0.0,0.0,122420.0,1010.094,25.05,,1.1134298666666669,0.8917499999999999,-1.2225,-0.132
Stellako,1977,122420.0,0.0,0.0,0.0,0.0,0.0,1823.0,44784.0,0.0,0.0,0.0,0.0,0.0,0.0,0.0,0.0,0.0,0.0,295694.0,1005.954,27.25333333333333,,1.5284769666666669,-1.87675,1.1425,-0.246
Stellako,1978,295694.0,0.0,0.0,0.0,0.0,0.0,3852.0,10077.0,0.0,0.0,13.0,0.0,0.0,0.0,0.0,0.0,0.0,0.0,1852392.0,1006.492,27.15,,1.1045353533333333,-0.7747499999999999,0.6074999999999999,-0.442
Stellako,1979,1852392.0,0.0,0.0,0.0,0.0,0.0,150.0,19534.0,0.0,0.0,0.0,0.0,0.0,0.0,0.0,0.0,0.0,0.0,284339.0,1010.552,26.56,0.185,-0.62114414,-1.181,-0.7150000000000001,0.4039999999999999
Stellako,1980,284339.0,0.0,0.0,0.0,0.0,0.0,74.0,64645.0,0.0,0.0,0.0,2919.0,0.0,0.0,0.0,0.0,0.0,0.0,237504.0,1007.686,27.08333333333333,0.355,-1.3888758966666668,-0.7845,0.3299999999999999,-0.0679999999999999
Stellako,1981,237504.0,0.0,0.0,0.0,0.0,0.0,860.0,27506.0,0.0,0.0,0.0,0.0,0.0,0.0,0.0,0.0,0.0,0.0,445024.0,1004.438,26.37333333333333,-0.255,-0.53494929,-0.5375,0.985,0.862
Stellako,1982,445024.0,0.0,0.0,0.0,0.0,0.0,31.0,56488.0,0.0,0.0,0.0,0.0,0.0,0.0,0.0,0.0,0.0,0.0,526984.0,1010.602,26.64,0.8983333333333333,-0.1840691733333333,-0.0127499999999999,0.0349999999999999,-0.33
Stellako,1983,526984.0,0.0,0.0,0.0,0.0,0.0,207.0,48040.0,0.0,0.0,0.0,0.0,0.0,0.0,0.0,0.0,0.0,0.0,681128.0,1003.46,28.766666666666666,1.2616666666666667,0.2813847666666667,-0.01175,0.815,1.406
Stellako,1984,681128.0,0.0,0.0,0.0,0.0,0.0,28.0,145156.0,0.0,0.0,0.0,0.0,0.0,0.0,0.0,0.0,0.0,0.0,455291.0,1006.28,26.013333333333332,-0.2866666666666667,-0.1640481899999999,-0.3995,1.4825,0.116
Stellako,1985,455291.0,0.0,0.0,0.0,0.0,0.0,1900.0,219255.0,0.0,0.0,0.0,0.0,0.0,0.0,0.0,0.0,0.0,0.0,362232.0,1010.006,25.64333333333333,-0.635,0.170517743,-0.81225,0.3725,0.002
Stellako,1986,362232.0,0.0,0.0,0.0,0.0,0.0,1129.0,51734.0,0.0,0.0,0.0,0.0,0.0,0.0,0.0,0.0,0.0,0.0,1144418.0,1004.794,26.156666666666663,0.315,-1.2994893666666667,-0.87225,1.13,0.46
Stellako,1987,1144418.0,0.0,0.0,0.0,0.0,0.0,170.0,46504.0,0.0,0.0,0.0,0.0,0.0,0.0,0.0,0.0,0.0,0.0,903283.0,1005.968,27.80333333333333,1.7283333333333333,0.3326573833333333,-1.07675,1.4975,1.086
Stellako,1988,903283.0,0.0,0.0,0.0,0.0,0.0,87.0,158607.0,0.0,0.0,0.0,0.0,0.0,0.0,0.0,0.0,0.0,0.0,364112.0,1008.134,27.406666666666663,-1.16,0.8647857866666667,-0.383,0.5325,-0.286
Stellako,1989,364112.0,0.0,0.0,0.0,0.0,0.0,23.0,266430.0,0.0,0.0,0.0,0.0,0.0,0.0,0.0,0.0,0.0,0.0,476408.0,1011.742,24.93,-0.8966666666666667,0.90987403,2.3985,-1.0175,-0.0859999999999999
Stellako,1990,476408.0,0.0,0.0,0.0,0.0,0.0,14.0,30996.0,0.0,0.0,0.0,0.0,0.0,0.0,0.0,0.0,0.0,0.0,470053.0,1010.906,26.686666666666667,0.1116666666666666,-0.0613260966666666,1.68725,-0.76,-0.314
Stellako,1991,470053.0,0.0,0.0,0.0,0.0,0.0,158.0,116424.0,0.0,0.0,0.0,0.0,0.0,0.0,0.0,0.0,0.0,0.0,648446.0,1011.244,27.036666666666665,0.5566666666666666,-0.86051957,0.1492499999999999,-1.5550000000000002,-1.136
Stellako,1992,648446.0,0.0,0.0,0.0,0.0,0.0,28.0,82191.0,0.0,0.0,0.0,0.0,0.0,0.0,0.0,0.0,0.0,0.0,553471.0,1006.456,28.363333333333333,1.0266666666666666,-0.05881037,1.06725,0.04,1.056
Stellako,1993,553471.0,0.0,0.0,0.0,0.0,0.0,1145.0,425114.0,0.0,0.0,0.0,0.0,0.0,0.0,0.0,0.0,0.0,0.0,956333.0,1008.754,26.82333333333333,1.0116666666666667,-2.2754968,1.5175,0.0775,1.686
Stellako,1994,956333.0,0.0,0.0,0.0,0.0,0.0,259.0,95047.0,0.0,0.0,0.0,0.0,0.0,0.0,0.0,0.0,0.0,0.0,388978.0,1010.356,26.8,0.5266666666666667,-1.9444107,0.15675,0.53,-0.53
Stellako,1995,388978.0,0.0,0.0,0.0,0.0,0.0,275.0,89664.0,0.0,0.0,0.0,0.0,0.0,0.0,0.0,0.0,0.0,0.0,771677.0,1008.562,27.66333333333333,-0.2749999999999999,-1.02555351,0.6405000000000001,-0.65,0.806
Stellako,1996,771677.0,0.0,0.0,0.0,0.0,0.0,13.0,37271.0,0.0,0.0,0.0,0.0,0.0,0.0,0.0,0.0,0.0,0.0,202078.0,1007.772,25.84,-0.7166666666666667,-0.49204,-1.16175,0.8275,0.642
Stellako,1997,202078.0,0.0,0.0,0.0,0.0,0.0,127.0,133793.0,0.0,0.0,0.0,0.0,0.0,0.0,0.0,0.0,0.0,0.0,835157.0,1008.67,26.23333333333333,1.653333333333333,-1.3694127,0.2004999999999999,0.2725,1.94
Stellako,1998,835157.0,0.0,0.0,0.0,0.0,0.0,75.0,241673.0,0.0,0.0,0.0,0.0,0.0,0.0,0.0,0.0,0.0,0.0,216713.0,1005.478,28.87333333333333,0.1016666666666666,0.8962181933333333,-0.64725,1.2125,-1.068
Stellako,1999,216713.0,0.0,0.0,0.0,0.0,0.0,16.0,88649.0,0.0,0.0,0.0,704.0,0.0,0.0,0.0,0.0,0.0,0.0,692039.0,1009.446,25.21333333333333,-1.1866666666666663,1.38527183,0.1132499999999999,-1.0275,-2.122
Stellako,2000,692039.0,0.0,0.0,0.0,0.0,0.0,0.0,56540.0,0.0,0.0,0.0,0.0,0.0,0.0,0.0,0.0,0.0,0.0,245067.0,1008.446,25.11,-0.675,1.5269583,0.7345,-1.515,-1.218
Stellako,2001,245067.0,0.0,0.0,0.0,0.0,0.0,73.0,176479.0,0.0,0.0,0.0,0.0,0.0,0.0,0.0,0.0,0.0,0.0,561079.0,1007.084,25.98333333333333,-0.2383333333333333,2.660991533333333,-1.4055,0.015,-1.642
Stellako,2002,561079.0,0.0,0.0,0.0,0.0,0.0,0.0,56658.0,0.0,0.0,0.0,0.0,0.0,0.0,0.0,0.0,0.0,0.0,277491.0,1009.196,26.52,0.3616666666666667,2.0203324,0.56625,-1.08,-0.658
Stellako,2003,277491.0,0.0,0.0,0.0,0.0,0.0,0.0,133503.0,0.0,0.0,0.0,0.0,0.0,0.0,0.0,0.0,0.0,0.0,678056.0,1005.066,27.56,-0.0966666666666666,1.86609866,-0.25075,1.315,0.124
Stellako,2004,678056.0,0.0,0.0,0.0,0.0,0.0,0.0,30474.0,0.0,0.0,0.0,0.0,0.0,0.0,0.0,0.0,0.0,0.0,273546.0,1008.564,27.0,0.1233333333333333,0.38554044,-0.65775,-0.3775,0.16
Stellako,2005,273546.0,0.0,0.0,0.0,0.0,0.0,47.0,70089.0,0.0,0.0,0.0,0.0,0.0,0.0,0.0,0.0,0.0,0.0,307985.0,1008.15,27.293333333333333,0.0866666666666666,-1.5064687166666668,-0.25825,-0.025,0.182
Stellako,2006,307985.0,0.0,0.0,0.0,0.0,0.0,5.0,83718.0,0.0,0.0,0.0,0.0,0.0,0.0,0.0,0.0,0.0,0.0,59073.0,1010.108,25.90333333333333,0.0016666666666666,-1.04372476,-1.0085,0.02,-0.432
Stellako,2007,59073.0,0.0,332.0,0.0,0.0,0.0,153.0,24066.0,0.0,0.0,0.0,0.0,0.0,0.0,0.0,0.0,0.0,0.0,228384.0,1009.826,27.316666666666663,-0.7116666666666667,-0.1777491063333333,1.04775,-0.73,-0.162
Stellako,2008,228384.0,0.0,0.0,664.0,0.0,0.0,12.0,14605.0,0.0,0.0,0.0,0.0,0.0,0.0,0.0,0.0,0.0,0.0,40724.0,1009.304,25.12333333333333,-0.9516666666666668,0.8532889033333333,0.7909999999999999,-1.2725,-1.83
Stellako,2009,40724.0,0.0,97.0,0.0,0.0,0.0,109.0,33547.0,0.0,0.0,0.0,131.0,0.0,0.0,0.0,0.0,0.0,0.0,406365.0,1013.466,25.916666666666664,-0.0066666666666666,0.66514552,0.22425,-1.74,-0.584
Stellako,2010,406365.0,0.0,0.0,0.0,0.0,0.0,22.0,4754.0,0.0,0.0,0.0,0.0,0.0,0.0,0.0,0.0,0.0,0.0,196347.0,1006.49,28.136666666666667,-1.3316666666666666,1.6738658666666666,-2.6745,-0.0925,-1.524
Stellako,2011,196347.0,0.0,0.0,0.0,0.0,0.0,504.0,87302.0,0.0,0.0,0.0,0.0,0.0,0.0,0.0,0.0,0.0,0.0,285866.0,1011.132,25.306666666666665,-1.096666666666667,0.3997249266666667,-0.32875,-1.645,-1.782
Stellako,2012,285866.0,0.0,0.0,0.0,0.0,0.0,0.0,19902.0,0.0,0.0,0.0,0.0,0.0,0.0,0.0,0.0,0.0,0.0,181922.0,1010.324,25.83333333333333,-0.1583333333333333,0.471165961,0.7505000000000001,-1.815,-2.348
Stellako,2013,181922.0,0.0,0.0,0.0,0.0,0.0,16411.0,13749.0,0.0,0.0,0.0,0.0,0.0,0.0,0.0,0.0,0.0,0.0,1551968.0,1010.312,26.35333333333333,-0.6233333333333333,1.1171110666666666,-1.63775,-1.3275,-1.098
Stellako,2014,1551968.0,0.0,0.0,0.0,0.0,0.0,0.0,50866.0,0.0,0.0,0.0,0.0,0.0,0.0,0.0,0.0,0.0,0.0,171903.0,1009.804,26.326666666666668,0.0383333333333333,-0.7239368633333333,0.439,-0.4325,0.468
Stellako,2015,171903.0,0.0,0.0,0.0,0.0,0.0,67.0,129587.0,488.0,0.0,0.0,0.0,0.0,0.0,0.0,0.0,0.0,0.0,54728.0,1007.862,27.27,1.5233333333333334,-0.7725732833333334,1.09625,1.5550000000000002,0.8999999999999999
Stellako,2016,54728.0,0.0,0.0,0.0,0.0,0.0,235.0,11940.0,0.0,0.0,0.0,0.0,0.0,0.0,0.0,0.0,0.0,0.0,115634.0,1006.588,29.130000000000003,0.3066666666666666,0.0258715233333333,0.0627499999999999,0.9725,0.322
Stellako,2017,115634.0,0.0,0.0,0.0,0.0,0.0,462.0,6994.0,0.0,0.0,0.0,0.0,0.0,0.0,0.0,0.0,0.0,0.0,398667.0,1010.256,26.356666666666666,-0.39,-0.81415251,1.10825,0.1575,-0.1
Stellako,2018,398667.0,0.0,0.0,0.0,0.0,0.0,66.0,38089.0,0.0,0.0,0.0,0.0,0.0,0.0,0.0,0.0,0.0,0.0,85526.0,1012.978,25.793333333333333,-0.2916666666666667,-2.1559666666666666,-0.292,-0.1149999999999999,-0.342
Stellako,2019,85526.0,0.0,0.0,0.0,0.0,0.0,63.0,31792.0,0.0,0.0,0.0,0.0,0.0,0.0,0.0,0.0,0.0,0.0,57784.0,1009.398,27.47,0.2766666666666666,-1.5390468766666667,0.6655000000000001,-0.4175,0.166
Stellako,2020,57784.0,0.0,0.0,0.0,0.0,0.0,47.0,20640.0,0.0,0.0,0.0,0.0,0.0,0.0,0.0,0.0,0.0,0.0,137357.0,1011.762,27.22,-0.6849999999999999,-2.1876051333333333,2.22225,-1.16,-0.914
Stellako,2021,137357.0,0.0,0.0,0.0,0.0,0.0,9.0,4837.0,0.0,0.0,0.0,0.0,0.0,0.0,0.0,0.0,0.0,0.0,227922.0,1010.636,25.65333333333333,-1.1966666666666668,-1.0642314366666668,-0.8255,-1.09,-1.754
Stellako,2022,227922.0,0.0,0.0,0.0,0.0,0.0,0.0,27578.0,0.0,0.0,0.0,0.0,0.0,0.0,0.0,0.0,0.0,0.0,84000.0,1010.524,25.746666666666663,-1.7983333333333331,-1.8655508666666665,0.72375,-2.1725,-2.174
Stellako,2023,84000.0,0.0,0.0,0.0,0.0,0.0,0.0,37000.0,0.0,0.0,0.0,0.0,0.0,0.0,0.0,0.0,0.0,0.0,75542.0,1011.92,26.063333333333333,0.2816666666666667,-1.9729653666666669,-0.37825,-1.8875,-2.586
